g18291.t1	PKY1	37.799	209	121	5	838	1043	1847	2049	5.37e-34	133
g10561.t1	PKY1	31.532	222	125	9	1028	1244	1852	2051	2.08e-24	102
g19463.t1	PKY1	31.429	210	128	5	453	658	1849	2046	1.06e-19	85.5
g688.t1	DRG1	32.174	115	60	2	39	153	44	140	4.86e-12	58.2
g18538.t1	PKY1	35.897	117	56	5	1042	1156	1951	2050	1.74e-11	59.7
g4753.t1	PKY1	28.213	319	158	11	586	851	1750	2050	1.83e-23	98.6
g11645.t1	PKY1	28.333	300	162	8	1165	1456	1796	2050	1.10e-25	106
g17149.t2	PSF2	32.075	159	100	6	141	295	202	356	1.60e-12	59.7
g19736.t1	PKY1	35.088	228	114	7	1000	1222	1848	2046	4.94e-31	124
g1082.t1	PKY1	32.558	129	66	4	2351	2460	1885	2011	4.72e-11	59.7
g6771.t1	PKY1	32.710	107	71	1	155	260	1886	1992	6.90e-12	60.1
g10477.t1	PKY1	35.122	205	122	3	3456	3652	1849	2050	5.20e-31	126
g5738.t1	PKY1	29.321	324	213	8	1804	2112	1728	2050	1.84e-33	134
g13324.t1	PSF2	24.561	342	201	8	1053	1384	93	387	1.66e-27	110
g15095.t1	UTP1	26.238	202	127	8	342	528	518	712	6.14e-11	56.6
g9773.t1	PSF2	24.150	294	204	9	222	511	109	387	5.69e-14	65.1
g15000.t2	PKY1	29.102	323	158	15	562	842	1753	2046	4.65e-19	84.0
g2571.t2	PKY1	35.266	207	122	5	677	875	1851	2053	1.03e-35	138
g14232.t1	PSF2	28.745	247	149	12	474	710	158	387	1.09e-13	67.0
g3728.t1	182394	64.135	237	76	3	3	231	55	290	2.31e-98	285
g10510.t1	PKY1	23.630	292	172	10	39	284	1751	2037	8.26e-14	66.6
g6571.t1	PKY1	24.217	351	203	14	466	771	1751	2083	6.29e-12	60.8
g5753.t1	PKY1	28.571	322	216	7	1613	1920	1729	2050	3.83e-32	129
g1610.t1	PKY1	29.204	339	180	12	2358	2645	1721	2050	1.36e-22	97.8
g17483.t1	MID	55.102	49	22	0	334	382	97	145	9.81e-12	55.1
g14692.t1	PKY1	25.854	205	123	9	110	297	1852	2044	6.59e-12	60.5
g15716.t1	PKY1	30.455	220	119	9	1147	1352	1847	2046	4.19e-20	88.6
g4050.t1	PKY1	36.923	130	71	5	1151	1272	1927	2053	3.29e-15	72.8
g19882.t1	PKY1	29.717	212	107	10	372	558	1849	2043	1.01e-12	62.4
g7370.t1	PSF2	28.213	319	206	10	308	611	77	387	2.96e-21	88.6
g960.t1	PKY1	37.037	81	51	0	1633	1713	1848	1928	6.45e-13	65.5
g15184.t1	PKY1	26.855	283	124	10	981	1243	1722	1941	5.36e-16	75.5
g19074.t1	PKY1	27.660	376	222	11	775	1145	1720	2050	5.45e-35	137
g19165.t1	PKY1	26.087	391	206	14	1266	1602	1723	2084	4.88e-17	78.6
g5605.t1	PKY1	32.889	225	130	7	84	301	1848	2058	4.24e-20	82.8
g9984.t1	PKY1	26.744	344	158	9	900	1238	1796	2050	1.07e-25	106
g8496.t1	LPS1	35.185	108	66	1	292	395	477	584	2.16e-15	70.1
g14986.t1	PKY1	36.058	208	124	5	656	860	1850	2051	3.87e-33	129
g819.t1	PKY1	32.558	215	129	7	871	1084	1848	2047	2.04e-26	108
g2642.t1	PKY1	31.776	214	127	6	351	561	1849	2046	3.71e-15	70.1
g18953.t2	PKY1	28.165	316	176	6	259	523	1738	2053	1.94e-30	118
g4139.t1	PKY1	31.395	172	99	6	1891	2052	1887	2049	3.40e-16	76.3
g2758.t1	PKY1	27.313	227	112	8	1220	1419	1850	2050	1.05e-20	90.5
g247.t1	PKY1	30.986	213	129	8	377	584	1847	2046	4.10e-15	70.1
g19258.t1	PKY1	34.400	125	80	1	289	413	1925	2047	4.84e-21	88.2
g3133.t1	PKY1	28.109	402	195	7	967	1364	1735	2046	2.99e-30	121
g19452.t1	PKY1	28.739	341	189	9	308	619	1747	2062	9.23e-26	104
g748.t1	PKY1	37.441	211	119	4	874	1081	1851	2051	4.08e-33	130
g8266.t1	PKY1	31.048	248	127	9	1053	1296	1852	2059	9.32e-27	110
g17523.t1	PKY1	26.706	337	161	13	587	871	1752	2054	2.59e-19	84.7
g8540.t1	PKY1	38.947	95	57	1	875	969	1956	2049	9.77e-17	76.6
g6748.t1	PKY1	30.058	173	102	6	14	178	1882	2043	4.88e-13	63.5
g19451.t1	PKY1	28.115	313	181	7	523	808	1747	2042	6.95e-25	102
g19755.t1	PKY1	29.108	213	107	6	264	470	1884	2058	7.05e-16	72.0
g287.t1	PKY1	30.065	153	97	5	139	281	1852	2004	2.34e-11	57.8
g11663.t1	PKY1	34.211	190	97	6	1780	1961	1877	2046	6.72e-26	108
g17668.t1	PKY1	27.794	349	174	16	378	677	1727	2046	1.90e-20	88.2
g18537.t1	PKY1	38.655	119	56	3	234	351	1951	2053	8.70e-15	67.8
g11355.t1	UTP1	27.761	335	170	5	1061	1371	405	691	1.65e-25	105
g7643.t1	PKY1	33.005	203	96	8	1076	1274	1884	2050	2.26e-25	105
g6019.t1	PKY1	37.441	211	118	6	1265	1473	1852	2050	8.83e-31	123
g17198.t1	PKY1	25.080	311	174	9	203	474	1753	2043	1.67e-17	78.6
g2290.t1	PKY1	28.399	331	174	13	707	997	1752	2059	3.31e-18	81.6
g4527.t1	PKY1	29.762	336	194	9	498	814	1747	2059	1.04e-28	115
g18901.t1	NIC7	39.286	112	62	2	70	176	53	163	1.29e-20	84.3
g19603.t1	MTD1	50.171	584	225	10	81	626	4	559	4.20e-114	349
g14714.t1	PKY1	30.000	230	94	6	1534	1762	1884	2047	3.97e-21	92.0
g315.t1	PKY1	41.000	100	55	3	1317	1415	1954	2050	9.77e-16	73.9
g6764.t1	PKY1	28.177	362	198	14	824	1178	1744	2050	4.98e-30	120
g19111.t1	PDK1	31.169	308	183	6	146	431	55	355	1.56e-44	157
g6815.t1	PKY1	25.338	296	132	8	125	414	1851	2063	3.89e-12	61.2
g15789.t1	PKY1	26.603	312	165	10	363	626	1751	2046	4.84e-22	92.8
g750.t1	PKY1	28.958	259	122	12	640	849	1805	2050	7.29e-21	90.5
g15184.t3	PKY1	25.166	302	124	10	981	1262	1722	1941	8.36e-14	68.2
g15670.t1	PKY1	25.622	402	193	12	975	1364	1744	2051	7.62e-27	110
g9354.t1	PKY1	28.698	338	151	16	589	868	1749	2054	1.77e-21	92.0
g13119.t1	ALB3	47.887	284	134	5	68	344	109	385	1.57e-86	268
g15285.t1	PKY1	23.718	312	188	9	14	279	1744	2051	7.87e-16	70.5
g19486.t1	PKY1	30.284	317	169	6	926	1237	1724	1993	9.02e-30	120
g18751.t1	PKY1	34.404	218	126	6	1242	1455	1850	2054	7.83e-30	120
g9401.t1	PKY1	25.312	320	162	11	541	807	1751	2046	1.94e-17	79.0
g4722.t1	PKY1	28.148	270	123	6	460	728	1847	2046	2.88e-23	97.8
g2399.t1	PKY1	32.667	300	179	11	165	448	1849	2141	2.21e-26	106
g16833.t1	PKY1	27.707	314	158	12	357	620	1752	2046	1.07e-18	82.0
g3895.t2	PKY1	37.073	205	123	3	1286	1489	1852	2051	7.30e-39	150
g19439.t1	PKY1	28.571	329	147	14	64	333	1747	2046	5.70e-19	80.1
g375.t1	PKY1	29.187	209	97	5	1428	1635	1889	2047	4.91e-20	88.6
g2571.t1	PKY1	35.266	207	122	5	659	857	1851	2053	9.05e-36	138
g12186.t1	PKY1	36.413	184	102	4	711	889	1876	2049	9.89e-31	122
g16365.t1	LPS1	65.152	264	92	0	867	1130	416	679	2.25e-115	385
g14883.t1	PKY1	33.684	190	103	8	499	678	1870	2046	1.29e-17	78.6
g20009.t1	TOC34	30.705	241	129	7	348	563	75	302	9.61e-21	87.4
g10036.t1	PKY1	33.143	175	92	8	23	184	1884	2046	1.80e-19	82.4
g11939.t1	UTP1	28.322	286	167	12	200	457	349	624	1.49e-14	67.4
g7081.t1	UTP1	28.652	178	125	2	1589	1764	403	580	6.76e-15	72.4
g16104.t1	PKY1	32.751	229	128	6	706	933	1847	2050	1.09e-27	113
g12601.t1	PKY1	32.407	324	195	11	806	1111	1737	2054	4.26e-32	127
g15251.t1	PKY1	37.321	209	118	7	348	549	1847	2049	2.60e-31	124
g15615.t1	HDH1	40.141	284	150	9	537	815	39	307	7.15e-42	149
g17589.t2	PKY1	31.720	186	93	8	626	796	1884	2050	1.20e-18	82.4
g3963.t1	PKY1	40.865	208	108	7	313	510	1847	2049	9.61e-41	150
g19277.t1	DLA3	40.580	138	80	2	352	489	503	638	9.16e-26	102
g4763.t1	PKY1	28.125	320	172	13	505	788	1749	2046	5.79e-19	83.6
g16898.t1	UTP1	26.190	252	176	6	263	507	381	629	3.41e-13	63.5
g1412.t1	PKY1	33.816	207	102	7	968	1171	1876	2050	1.63e-25	105
g19427.t1	PKY1	27.692	325	161	15	227	501	1749	2049	4.20e-18	79.3
g19572.t1	LPS1	46.735	582	217	11	540	1115	184	678	4.85e-153	496
g15695.t1	SPP3	49.425	87	43	1	417	502	446	532	5.43e-19	83.6
g5885.t1	PSF2	30.814	172	112	6	1135	1303	149	316	2.37e-14	68.6
g13168.t1	PKY1	33.333	126	67	5	382	500	1936	2051	4.93e-12	59.7
g8267.t1	PKY1	34.454	238	113	9	1023	1255	1852	2051	4.96e-29	117
g20176.t1	PKY1	29.722	360	182	10	1633	1980	1746	2046	1.14e-24	103
g1858.t1	PKY1	29.321	324	197	8	449	756	1744	2051	1.54e-40	152
g2677.t2	PKY1	28.647	377	204	11	1051	1424	1736	2050	7.50e-36	140
g19618.t1	OTU2	62.145	317	104	3	966	1269	1	314	2.83e-113	352
g11762.t1	PKY1	28.296	311	147	17	702	960	1751	2037	4.96e-14	67.8
g7263.t1	PKY1	34.054	185	94	5	937	1105	1879	2051	2.19e-22	95.5
g4512.t1	PKY1	38.650	163	95	3	1263	1422	1887	2047	4.35e-31	124
g19027.t1	PKY1	24.359	312	178	11	483	752	1751	2046	8.72e-18	79.3
g17076.t1	PKY1	29.114	237	111	7	1865	2081	1851	2050	5.29e-21	92.4
g15623.t1	PKY1	35.922	103	63	1	1239	1341	1950	2049	1.83e-13	66.6
g14193.t2	PKY1	28.053	303	159	13	34	281	1739	2037	8.45e-16	73.6
g19604.t1	SPL2	93.529	170	11	0	1	170	49	218	4.52e-106	305
g14754.t1	PKY1	29.724	434	220	11	563	976	1746	2114	9.13e-39	148
g1411.t1	PKY1	27.136	199	84	6	1047	1216	1884	2050	1.50e-17	79.7
g9256.t1	DRG1	39.080	87	52	1	315	401	52	137	4.90e-14	65.1
g4655.t1	PKY1	29.258	229	108	6	1110	1301	1925	2136	4.98e-20	88.2
g13115.t1	CGL70	56.481	432	135	11	15	436	56	444	7.00e-157	449
g8236.t2	UTP1	29.310	232	144	5	1537	1764	422	637	4.44e-17	78.6
g17402.t1	PKY1	33.333	228	127	5	1474	1696	1851	2058	3.91e-35	138
g2002.t1	PKY1	33.428	353	186	7	599	942	1735	2047	3.50e-45	170
g15000.t1	PKY1	29.102	323	158	15	588	868	1753	2046	5.68e-19	84.0
g6861.t1	PKY1	29.609	179	109	6	530	701	1878	2046	8.91e-16	73.2
g12611.t1	PKY1	32.143	336	197	11	997	1309	1724	2051	2.70e-32	128
g15793.t3	PKY1	29.867	375	191	8	314	684	1747	2053	2.34e-36	139
g9293.t1	PSF2	28.054	221	102	8	57	231	184	393	3.77e-16	71.6
g12619.t1	PDK1	30.696	316	189	6	43	336	48	355	4.49e-44	154
g8473.t1	PKY1	41.429	210	114	3	2169	2375	1846	2049	3.45e-42	162
g13874.t1	PKY1	28.691	359	200	13	769	1120	1744	2053	1.55e-28	115
g2219.t1	PKY1	26.984	315	165	12	525	791	1749	2046	1.54e-18	82.0
g14237.t1	PKY1	26.984	315	167	12	561	832	1752	2046	1.78e-18	82.0
g5947.t1	PKY1	34.842	221	119	8	1091	1307	1852	2051	7.50e-31	123
g14181.t1	PKY1	29.515	227	109	8	187	391	1849	2046	8.86e-14	65.9
g1462.t1	PKY1	31.379	290	158	9	496	771	1728	1990	7.67e-29	115
g11247.t1	PKY1	28.931	318	172	13	1124	1399	1746	2051	4.20e-20	88.6
g9480.t1	PKY1	32.195	205	101	6	248	419	1847	2046	4.73e-24	98.2
g15859.t2	PKY1	33.125	160	105	1	785	942	1887	2046	4.95e-28	114
g17475.t1	MID	44.595	74	30	1	455	517	72	145	6.30e-12	56.2
g6756.t1	PKY1	35.294	221	118	10	1054	1267	1848	2050	7.54e-29	116
g11195.t1	PKY1	29.706	340	179	11	1211	1504	1732	2057	6.01e-23	97.8
g958.t1	PKY1	37.383	107	63	3	1386	1491	1948	2051	4.92e-14	68.6
g19737.t1	PKY1	35.470	234	111	9	949	1177	1848	2046	6.66e-29	117
g12311.t1	PKY1	30.351	313	160	11	297	565	1752	2050	1.05e-29	117
g11775.t1	PKY1	29.439	214	123	7	720	920	1851	2049	1.38e-12	62.8
g15793.t2	PKY1	29.947	374	191	8	313	682	1747	2053	4.46e-36	138
g3535.t2	UTP1	33.333	276	155	3	1178	1432	420	687	2.21e-30	121
g14465.t2	PDK1	71.111	495	89	6	22	469	25	512	0.0	658
g20312.t1	LPS1	30.769	221	132	8	142	356	412	617	1.29e-18	80.1
g19410.t1	PKY1	33.818	275	149	9	139	394	1846	2106	1.53e-27	107
g16780.t1	UTP1	31.690	284	170	8	1256	1532	371	637	9.25e-27	110
g10492.t2	PKY1	43.478	161	86	4	1104	1261	1888	2046	1.11e-32	129
g19019.t1	PKY1	26.367	311	167	10	13	270	1742	2043	1.88e-19	85.5
g4501.t1	PKY1	37.918	269	138	9	245	493	1847	2106	2.43e-35	137
g2626.t1	PKY1	29.730	222	140	5	419	635	1849	2059	2.30e-13	64.7
g10390.t1	PKY1	26.488	336	143	15	413	685	1752	2046	1.25e-17	79.0
g4789.t1	PSF2	22.112	303	176	9	324	577	96	387	3.25e-14	66.2
g357.t1	PKY1	36.607	224	127	10	160	379	1848	2060	1.80e-23	97.4
g10389.t1	PKY1	26.266	316	163	13	447	713	1752	2046	6.93e-17	76.6
g9987.t1	PKY1	25.616	406	195	11	1033	1433	1747	2050	1.66e-28	115
g19605.t1	UTP1	74.101	973	227	8	1	955	1	966	0.0	1313
g20083.t1	PKY1	26.765	340	173	15	1734	2031	1745	2050	4.60e-22	95.9
g19629.t1	DLA3	68.781	599	159	7	1	590	63	642	0.0	697
g17470.t1	MID	54.902	51	23	0	434	484	95	145	1.97e-12	57.8
g8057.t1	PKY1	33.929	112	63	1	565	676	1951	2051	3.80e-14	67.4
g18764.t1	PKY1	24.915	293	174	11	83	329	1852	2144	4.04e-13	63.2
g17791.t1	PKY1	41.667	204	108	5	163	361	1847	2044	3.81e-33	125
g4675.t1	PSF2	28.326	233	140	11	3	226	173	387	5.23e-11	57.0
g4064.t1	PKY1	26.230	366	174	15	584	895	1752	2075	1.72e-20	88.6
g12169.t1	PKY1	37.288	118	62	2	807	924	1951	2056	4.14e-15	71.2
g1417.t1	PKY1	32.609	138	80	3	1306	1443	1929	2053	1.87e-16	76.6
g11104.t1	PKY1	39.216	102	56	4	1973	2073	1954	2050	5.69e-15	72.4
g19390.t1	PKY1	23.529	408	215	9	1594	1993	1745	2063	6.39e-24	102
g19415.t1	PKY1	30.693	303	150	11	894	1184	1796	2050	4.41e-31	124
g8981.t1	UTP1	26.582	316	179	7	1744	2054	373	640	2.40e-21	92.8
g19081.t1	PKY1	29.947	187	110	7	804	982	1873	2046	9.85e-18	79.7
g787.t1	UTP1	23.897	272	178	6	74	316	404	675	7.05e-14	67.4
g19438.t1	PKY1	31.250	224	130	6	215	427	1849	2059	2.79e-17	76.3
g15189.t1	PKY1	27.163	416	178	17	742	1136	1744	2055	1.91e-15	72.8
g4526.t1	PKY1	31.090	312	190	7	1151	1446	1740	2042	1.97e-27	112
g3678.t1	SPS1	86.984	315	41	0	1	315	1	315	0.0	576
g15586.t1	PKY1	34.928	209	117	7	1933	2128	1847	2049	2.06e-26	109
g939.t1	PKY1	29.339	242	133	7	223	457	1848	2058	2.64e-16	73.2
g19044.t1	PKY1	32.683	205	118	8	849	1041	1851	2047	6.71e-18	80.9
g16947.t1	UTP1	27.823	248	151	11	397	636	338	565	7.07e-13	65.1
g19485.t1	PKY1	30.599	317	168	6	926	1237	1724	1993	1.44e-29	121
g3552.t1	PKY1	31.353	303	148	12	1084	1374	1796	2050	8.63e-31	123
g14457.t1	PKY1	31.373	102	68	1	1056	1157	1951	2050	5.92e-11	58.5
g19256.t1	PKY1	33.600	125	81	1	305	429	1925	2047	7.79e-20	84.7
g1688.t1	PKY1	29.020	255	119	12	598	803	1805	2046	3.31e-20	87.8
g13479.t1	PSF2	75.980	408	81	5	8	411	6	400	0.0	649
g19404.t1	PKY1	30.374	214	133	6	138	348	1849	2049	4.22e-15	68.2
g2350.t1	PKY1	35.526	228	110	6	147	365	1847	2046	8.97e-31	120
g9356.t1	PKY1	27.586	319	146	14	365	626	1756	2046	3.21e-19	83.6
g17149.t1	PSF2	28.877	187	124	7	93	275	175	356	3.25e-13	61.2
g9840.t1	PKY1	25.828	302	169	9	5	258	1743	2037	1.29e-15	73.9
g19494.t1	PKY1	31.364	220	133	7	1006	1220	1850	2056	1.25e-23	99.8
g10702.t2	PKY1	31.214	173	102	8	495	659	1883	2046	3.18e-16	74.3
g4719.t1	PKY1	32.083	240	133	6	426	662	1847	2059	9.78e-27	108
g10047.t1	PKY1	24.654	434	206	13	805	1228	1737	2059	4.42e-23	98.2
g18916.t1	PKY1	37.815	119	73	1	3790	3907	1928	2046	2.37e-20	90.9
g12823.t1	PKY1	32.370	173	80	5	666	821	1903	2055	1.50e-17	79.0
g8668.t1	PKY1	31.163	215	112	9	556	750	1851	2049	2.26e-20	88.6
g8003.t1	PSF2	24.164	269	161	9	187	437	120	363	2.60e-12	59.7
g785.t1	PKY1	29.429	350	178	17	822	1123	1722	2050	3.44e-20	88.2
g17195.t1	PKY1	26.383	235	96	7	675	906	1886	2046	1.23e-17	80.1
g11104.t2	PKY1	39.216	102	56	4	1971	2071	1954	2050	5.78e-15	72.0
g10037.t1	PKY1	30.031	323	162	14	439	712	1750	2057	1.83e-23	98.6
g3134.t1	PKY1	28.272	382	202	12	1082	1461	1735	2046	7.03e-25	104
g1082.t2	PKY1	32.558	129	66	4	2326	2435	1885	2011	4.99e-11	59.7
g14338.t1	PSF2	25.828	151	103	4	158	301	234	382	1.90e-12	60.1
g14458.t1	PKY1	35.417	96	58	2	2009	2103	1954	2046	2.77e-12	63.5
g16055.t1	PKY1	26.911	327	191	10	954	1245	1736	2049	3.33e-30	122
g14578.t1	UTP1	34.061	229	144	6	264	488	353	578	1.40e-25	102
g10083.t2	UTP1	27.907	258	178	5	97	347	383	639	2.51e-26	103
g13392.t1	PKY1	29.275	345	199	10	1638	1975	1748	2054	7.57e-29	117
g1523.t1	PKY1	33.585	265	142	8	432	666	1744	2004	1.90e-32	126
g18750.t1	PKY1	27.143	420	236	10	791	1207	1747	2099	8.87e-33	130
g14191.t1	PKY1	37.561	205	121	4	429	628	1847	2049	8.74e-34	133
g20601.t1	UTP1	28.641	206	141	4	937	1140	380	581	1.27e-11	60.5
g16324.t1	PKY1	27.033	418	182	15	1239	1649	1745	2046	3.63e-17	79.0
g19028.t1	PKY1	23.385	325	157	12	450	711	1751	2046	1.18e-15	72.4
g12511.t1	PKY1	26.087	345	176	12	898	1196	1744	2055	3.90e-19	85.9
g7179.t1	PKY1	25.731	342	162	14	461	754	1749	2046	4.91e-16	73.9
g14176.t1	SPP3	44.821	531	238	16	39	536	34	542	5.94e-107	336
g15184.t2	PKY1	25.166	302	124	10	981	1262	1722	1941	7.79e-14	68.6
g4499.t1	PKY1	29.907	321	186	8	560	851	1746	2056	5.25e-32	126
g4432.t1	UTP1	28.000	325	217	10	2796	3109	397	715	7.15e-20	88.6
g9685.t1	PKY1	27.445	317	178	11	1117	1392	1746	2051	1.49e-18	83.2
g1322.t1	PKY1	33.628	226	124	8	1072	1293	1850	2053	1.80e-29	119
g4485.t1	PKY1	27.882	373	195	7	1077	1426	1729	2050	4.94e-26	107
g15790.t1	PKY1	34.225	187	83	10	500	669	1883	2046	1.53e-18	81.6
g17529.t1	522872	46.977	215	106	3	1	210	180	391	2.35e-59	195
g10405.t2	PKY1	30.435	184	95	10	192	361	1882	2046	1.58e-13	63.5
g14882.t1	PKY1	29.225	284	134	13	844	1075	1778	2046	1.23e-15	73.2
g10771.t1	UTP1	25.385	260	166	6	209	441	421	679	2.83e-16	73.2
g9746.t1	522872	34.783	207	132	1	22	225	184	390	3.21e-32	115
g15653.t1	PKY1	28.365	208	142	4	441	648	1849	2049	1.33e-13	65.5
g19735.t1	PKY1	34.649	228	115	7	779	1001	1848	2046	3.28e-30	120
g15787.t1	PKY1	25.962	312	167	10	404	667	1751	2046	1.65e-21	91.3
g18917.t1	PKY1	37.815	119	73	1	3850	3967	1928	2046	2.62e-20	90.9
g10492.t1	PKY1	43.478	161	86	4	1104	1261	1888	2046	1.03e-32	129
g4574.t1	PKY1	25.982	331	165	16	671	950	1745	2046	7.84e-16	73.9
g17204.t1	PKY1	31.343	201	117	11	646	836	1857	2046	1.33e-15	72.4
g11726.t1	PKY1	32.432	259	148	6	475	721	1747	1990	1.08e-27	111
g560.t1	PKY1	28.638	213	114	10	762	954	1849	2043	7.48e-14	67.0
g19624.t1	ALB3	74.935	387	87	3	87	468	100	481	0.0	550
g3848.t1	UTP1	31.658	199	127	4	76	268	383	578	3.28e-24	98.6
g13476.t2	DRG1	54.945	364	152	4	14	375	1	354	6.71e-130	375
g18532.t1	PKY1	26.400	250	112	10	457	642	1805	2046	3.78e-14	67.4
g11775.t2	PKY1	29.439	214	123	7	716	916	1851	2049	1.24e-12	63.2
g1611.t1	PKY1	27.445	317	172	12	391	658	1739	2046	3.02e-18	80.5
g11646.t1	PKY1	33.880	183	100	6	1820	1997	1884	2050	8.50e-28	114
g4391.t1	PKY1	25.868	317	161	11	578	843	1753	2046	1.84e-17	78.6
g11154.t1	PKY1	36.000	200	120	5	1344	1539	1855	2050	1.80e-27	113
g18439.t1	PKY1	29.825	228	101	9	1274	1497	1878	2050	1.97e-11	60.1
g6754.t1	PKY1	27.926	376	193	15	735	1100	1742	2049	9.43e-26	106
g15526.t1	PKY1	27.342	395	192	12	824	1214	1747	2050	2.14e-31	125
g14942.t1	MID	57.143	42	18	0	615	656	104	145	5.22e-11	53.9
g1945.t1	PKY1	29.167	168	91	2	508	653	1885	2046	1.36e-16	75.5
g14458.t2	PKY1	35.417	96	58	2	2007	2101	1954	2046	2.67e-12	63.5
g8588.t1	PKY1	36.816	201	112	4	560	753	1847	2039	2.46e-32	127
g20309.t1	LPS1	34.197	193	107	9	129	316	422	599	3.77e-21	87.0
g14465.t1	PDK1	71.690	491	89	5	22	465	25	512	0.0	664
g10039.t1	PKY1	28.882	322	162	13	230	500	1750	2055	3.11e-24	100
g19422.t1	PKY1	34.615	156	86	6	108	255	1849	1996	6.35e-13	63.2
g13476.t4	DRG1	54.076	368	153	4	14	379	1	354	7.53e-127	367
g11503.t1	PSF2	31.864	295	187	9	1153	1438	102	391	1.53e-30	119
g14282.t1	UTP1	28.105	306	184	12	36	318	400	692	8.28e-20	81.6
g16327.t1	PKY1	29.185	233	102	6	39	266	1880	2054	5.90e-13	60.5
g20181.t1	PKY1	26.952	397	224	12	579	964	1747	2088	2.67e-22	94.7
g20174.t1	PKY1	30.278	360	180	11	1045	1392	1746	2046	8.40e-25	103
g13875.t1	PKY1	28.490	351	203	14	915	1261	1744	2050	5.07e-30	120
g1152.t1	UTP1	32.937	252	136	6	1195	1431	407	640	3.17e-25	105
g11344.t1	PKY1	27.052	329	143	16	684	949	1752	2046	1.43e-19	85.9
g957.t1	UTP1	38.824	85	51	1	1890	1973	422	506	3.28e-12	63.2
g6812.t1	PKY1	29.268	328	147	14	501	773	1749	2046	2.66e-22	95.5
g8853.t1	PKY1	30.392	102	63	4	858	958	1952	2046	3.17e-11	58.5
g11281.t1	PKY1	31.210	314	147	10	1444	1699	1746	2048	7.20e-33	130
g2604.t1	PKY1	29.508	183	105	6	342	511	1878	2049	2.23e-13	64.3
g12498.t1	PKY1	29.577	284	145	11	899	1146	1787	2051	1.62e-18	83.6
g970.t1	PKY1	34.463	177	95	9	2468	2633	1884	2050	2.12e-18	84.0
g9982.t1	PKY1	35.377	212	104	6	1138	1346	1874	2055	1.09e-27	113
g15598.t1	PKY1	28.739	341	163	15	242	520	1724	2046	2.59e-21	93.6
g2281.t1	PKY1	30.398	352	203	5	958	1300	1732	2050	7.72e-32	126
g8135.t2	PKY1	23.750	320	188	11	9	280	1746	2057	1.37e-17	78.2
g19938.t1	PKY1	30.110	362	208	7	1004	1362	1735	2054	6.10e-33	130
g15208.t1	PKY1	22.671	322	176	12	412	680	1744	2045	6.33e-12	60.1
g8236.t1	UTP1	29.310	232	144	5	1520	1747	422	637	4.24e-17	78.6
g19808.t1	PKY1	25.868	317	158	13	1149	1410	1752	2046	2.04e-16	76.3
g18953.t1	PKY1	28.165	316	177	6	259	524	1738	2053	8.74e-31	119
g10256.t1	PSF2	31.707	205	129	5	535	731	177	378	1.85e-15	72.0
g166.t1	PKY1	32.576	264	114	11	1014	1273	1848	2051	4.23e-28	114
g19615.t1	UTP1	29.375	160	102	5	18	176	426	575	1.87e-13	60.1
g3700.t1	PTC1	81.706	809	137	7	1	807	1	800	0.0	1311
g1181.t1	UTP1	36.275	102	61	3	2	99	422	523	3.97e-11	57.4
g4385.t2	PKY1	25.076	327	156	15	585	853	1751	2046	3.11e-17	78.2
g18908.t1	PKY1	22.082	317	191	10	65	333	1738	2046	5.45e-14	68.9
g4723.t2	PKY1	29.630	189	106	4	560	747	1884	2046	1.69e-20	89.0
g12904.t1	PKY1	25.466	322	160	12	439	706	1751	2046	8.62e-18	79.3
g4001.t1	PKY1	31.287	342	183	14	960	1287	1747	2050	3.89e-36	140
g14973.t1	DRG1	38.614	101	45	2	336	434	52	137	3.31e-11	57.0
g18108.t1	PKY1	31.290	310	171	6	1334	1605	1746	2051	1.04e-36	143
g17809.t1	PKY1	29.630	324	172	13	1241	1520	1740	2051	7.79e-23	97.4
g19451.t2	PKY1	28.115	313	181	7	522	807	1747	2042	7.05e-25	102
g3624.t1	PKY1	34.579	214	120	6	509	713	1847	2049	1.81e-29	117
g1924.t1	PKY1	30.542	203	119	9	733	926	1857	2046	1.56e-15	72.8
g1193.t1	PKY1	27.607	326	160	16	467	747	1753	2047	2.17e-21	91.3
g11913.t1	PKY1	31.527	203	102	8	534	717	1862	2046	3.55e-18	80.9
g7041.t1	PSF2	22.930	314	208	12	311	611	85	377	1.34e-17	77.4
g3561.t1	PKY1	41.935	93	52	2	996	1087	1959	2050	3.65e-15	71.6
g8537.t1	PKY1	26.471	306	174	9	1204	1462	1745	2046	4.40e-21	91.7
g15859.t1	PKY1	33.125	160	105	1	785	942	1887	2046	4.42e-28	114
g2283.t1	PKY1	31.161	353	199	6	726	1068	1732	2050	4.30e-35	136
g1421.t1	PKY1	36.441	236	121	4	192	424	1849	2058	5.73e-34	129
g387.t1	PKY1	31.250	160	92	4	153	296	1890	2047	1.30e-15	68.9
g3546.t1	PKY1	24.092	303	177	11	1	253	1744	2043	9.02e-17	77.0
g3130.t1	PKY1	25.868	317	158	13	369	630	1752	2046	8.05e-16	72.8
g18539.t1	PKY1	37.815	119	53	5	655	772	1951	2049	8.91e-15	69.7
g19569.t1	PKY1	60.749	721	212	17	1533	2194	1535	2243	0.0	711
g15942.t1	PKY1	29.714	175	108	6	363	530	1880	2046	5.00e-17	76.6
g13431.t1	PKY1	36.923	130	64	6	165	288	1847	1964	4.90e-16	70.9
g4670.t1	UTP1	27.700	213	143	8	209	415	373	580	3.69e-13	63.2
g15725.t1	PKY1	29.707	239	124	11	640	855	1847	2064	1.55e-20	89.0
g3536.t1	PKY1	31.967	366	184	12	1011	1355	1851	2172	1.24e-37	146
g4002.t1	PKY1	37.383	214	116	8	1394	1603	1851	2050	9.13e-37	143
g2799.t1	PKY1	30.696	316	171	10	1205	1517	1784	2054	5.54e-30	121
g19182.t1	UBCH1	70.859	326	76	6	1	311	1	322	3.37e-163	455
g19043.t1	PKY1	30.000	310	172	12	575	849	1752	2051	1.23e-20	89.4
g7265.t1	PKY1	33.146	178	103	3	937	1104	1875	2046	1.14e-21	93.2
g9603.t1	UTP1	31.944	216	141	2	862	1071	410	625	3.38e-24	101
g15389.t1	NMDA1	32.710	214	128	6	203	413	36	236	1.44e-19	79.7
g10067.t1	PKY1	29.909	331	162	13	429	723	1754	2050	1.94e-21	92.0
g15589.t1	PKY1	37.190	121	72	1	1608	1724	1929	2049	3.62e-21	92.4
g9543.t1	PKY1	30.539	334	168	12	1433	1720	1735	2050	2.84e-24	102
g20694.t1	PKY1	32.143	252	114	12	830	1075	1853	2053	4.81e-20	87.8
g15958.t1	PKY1	29.891	368	169	13	1133	1479	1747	2046	2.67e-26	108
g15999.t1	PKY1	31.602	462	265	11	1031	1480	1732	2154	8.19e-45	169
g19032.t1	PKY1	27.407	270	144	9	2689	2911	1746	2010	1.22e-22	98.2
g19757.t1	PKY1	33.333	111	71	2	505	615	1951	2058	2.15e-11	58.2
g1609.t1	PKY1	27.687	307	165	9	2203	2461	1753	2050	7.40e-21	92.0
g4823.t1	PKY1	35.789	190	104	7	1198	1379	1872	2051	1.22e-21	94.0
g15727.t1	PKY1	27.320	194	126	5	77	256	1852	2044	2.14e-17	78.2
g3895.t1	PKY1	37.073	205	123	3	1297	1500	1852	2051	7.33e-39	150
g3693.t1	LEU1S	84.977	213	30	1	3	215	5	215	9.05e-134	371
g1843.t1	PKY1	32.192	146	79	6	129	257	1850	1992	1.94e-11	56.6
g7579.t1	PKY1	28.934	197	118	7	246	424	1852	2044	3.99e-14	67.0
g17711.t2	PKY1	30.376	372	221	12	28	375	1747	2104	3.08e-40	149
g681.t1	PKY1	24.478	335	163	13	476	757	1749	2046	9.31e-15	69.7
g16319.t1	PKY1	26.329	395	192	10	1905	2293	1745	2046	3.84e-17	79.3
g17295.t1	PKY1	35.312	320	185	10	723	1025	1848	2162	1.60e-36	141
g4051.t1	HDH1	75.373	268	64	1	39	304	42	309	2.17e-138	391
g12837.t1	PKY1	32.719	217	131	5	953	1163	1848	2055	7.15e-29	117
g11741.t1	PKY1	27.760	317	169	13	333	608	1749	2046	2.04e-16	74.7
g3533.t1	PKY1	36.530	219	119	6	952	1167	1849	2050	2.85e-41	157
g15761.t1	PKY1	32.283	127	75	4	1467	1585	1954	2077	1.30e-15	73.9
g3720.t1	PR46b	64.865	259	80	2	4	251	6	264	2.20e-103	298
g396.t1	PKY1	32.899	307	165	10	349	617	1747	2050	6.37e-30	117
g18565.t1	PKY1	26.279	430	188	9	521	921	1747	2076	3.17e-32	127
g3712.t1	MADS2	71.642	134	32	3	31	160	28	159	1.84e-53	187
g1856.t1	182392	60.169	118	39	2	34	151	31	140	2.85e-38	122
g740.t1	PKY1	27.322	183	110	8	273	442	1873	2045	3.45e-12	60.1
g5526.t1	UTP1	27.039	233	162	5	250	478	353	581	1.69e-17	77.0
g6270.t1	PKY1	34.783	230	115	10	326	548	1847	2048	1.61e-24	101
g20603.t1	PKY1	28.249	177	83	6	24	170	1884	2046	1.57e-15	69.7
g14230.t1	PKY1	38.605	215	125	4	130	339	1847	2059	2.48e-35	137
g3367.t1	PKY1	34.272	213	117	8	992	1194	1848	2047	1.03e-29	119
g19600.t1	NMDA1	75.806	248	59	1	4	250	2	249	7.66e-137	382
g16000.t1	PKY1	31.503	346	197	8	626	965	1735	2046	3.54e-40	153
g8135.t1	PKY1	23.750	320	188	11	9	280	1746	2057	1.30e-17	78.6
g6763.t1	PKY1	28.732	355	198	13	747	1094	1744	2050	7.88e-31	122
g11251.t1	PKY1	28.923	325	172	15	1069	1348	1740	2050	9.01e-18	80.9
g6810.t1	PKY1	27.356	329	175	15	1193	1477	1738	2046	9.18e-19	84.3
g12394.t1	PKY1	33.449	287	159	10	147	424	1850	2113	3.22e-29	113
g13186.t1	PSF2	24.896	241	172	7	15	250	148	384	8.42e-19	82.0
g10404.t1	PKY1	30.195	308	169	9	1051	1349	1780	2050	2.02e-33	132
g15716.t2	PKY1	30.455	220	119	9	1147	1352	1847	2046	4.12e-20	88.6
g742.t1	PKY1	33.761	234	115	4	1007	1238	1851	2046	1.45e-29	119
g15495.t1	PKY1	27.129	317	166	14	11	278	1743	2043	2.80e-13	65.9
g3677.t1	NIC7	68.740	627	187	6	103	722	54	678	0.0	833
g1698.t1	PKY1	31.385	325	179	9	967	1271	1746	2046	4.50e-39	150
g14347.t1	PKY1	32.099	162	105	2	1518	1676	1890	2049	5.12e-22	95.1
g8816.t1	UTP1	29.078	141	99	1	158	297	380	520	3.23e-13	61.6
g569.t1	DLA3	27.311	238	150	5	340	572	419	638	5.96e-17	75.5
g19790.t1	PKY1	25.625	320	161	12	406	673	1752	2046	6.65e-15	69.7
g13324.t2	PSF2	24.561	342	201	8	1053	1384	93	387	1.66e-27	110
g9479.t1	PKY1	33.702	181	90	9	500	667	1883	2046	2.29e-17	77.8
g4502.t1	PKY1	37.912	182	108	3	1331	1509	1888	2067	8.37e-33	130
g7745.t1	97782	77.340	203	44	2	1	202	1	202	7.47e-115	322
g4221.t1	PKY1	34.146	205	93	3	1902	2103	1884	2049	1.38e-29	120
g1310.t1	PKY1	26.531	245	133	10	18	218	1751	1992	1.24e-15	72.0
g16991.t1	PKY1	31.513	238	125	8	719	952	1851	2054	1.02e-24	103
g14797.t1	PKY1	28.049	328	171	12	150	434	1746	2051	1.32e-24	99.0
g17589.t1	PKY1	30.645	186	95	8	626	796	1884	2050	5.53e-18	80.1
g15644.t1	PKY1	32.895	228	124	5	1262	1487	1850	2050	2.51e-25	105
g11563.t1	PKY1	32.719	217	113	10	1556	1753	1849	2051	1.47e-19	87.0
g4840.t1	PKY1	42.241	116	64	2	1204	1316	1878	1993	7.31e-21	91.3
g3746.t1	PKY1	32.020	203	115	9	2	188	1855	2050	1.15e-16	75.9
g744.t1	PKY1	35.897	117	75	0	1366	1482	1931	2047	4.70e-21	91.7
g7045.t1	RFC4	44.062	320	164	6	37	342	5	323	4.51e-81	246
g10038.t1	PKY1	28.866	291	144	13	288	529	1770	2046	1.37e-20	88.6
g19309.t1	PKY1	28.614	332	166	12	563	848	1745	2051	2.03e-28	114
g13061.t1	PKY1	28.882	322	171	12	472	746	1752	2062	2.93e-23	97.8
g6272.t1	SPS1	36.313	179	110	3	34	209	21	198	1.66e-34	122
g13567.t2	UTP1	29.323	266	161	6	1220	1482	383	624	3.95e-22	95.1
g12823.t2	PKY1	29.646	226	114	8	591	791	1850	2055	8.47e-20	86.3
g2630.t1	PKY1	46.053	76	36	3	10	84	1972	2043	4.26e-13	59.3
g14723.t1	UTP1	24.643	280	156	6	646	916	420	653	6.14e-11	58.2
g2658.t1	PKY1	26.524	328	150	14	1	280	1760	2044	6.79e-13	64.3
g4865.t1	PKY1	26.180	233	155	6	71	290	1846	2074	2.21e-16	75.1
g12410.t1	PKY1	40.909	132	67	2	1360	1487	1925	2049	7.94e-26	107
g10546.t1	PKY1	30.000	300	172	11	1257	1550	1783	2050	2.24e-30	122
g2349.t2	PKY1	27.729	339	161	13	524	816	1750	2050	7.14e-23	96.3
g19407.t1	PKY1	35.096	208	82	7	157	323	1847	2042	5.84e-22	90.1
g7911.t1	PKY1	29.070	172	104	4	232	391	1873	2038	3.20e-13	65.1
g11505.t1	UTP1	31.579	285	158	11	807	1058	409	689	2.52e-28	115
g20310.t1	LPS1	29.870	231	141	8	89	313	402	617	1.13e-18	79.7
g12394.t2	PKY1	32.986	288	161	10	134	412	1849	2113	3.56e-28	109
g7540.t1	PKY1	38.191	199	119	3	887	1081	1848	2046	1.08e-35	139
g3174.t1	PKY1	35.616	219	120	9	891	1099	1847	2054	3.07e-26	108
g9988.t1	PKY1	34.518	197	92	6	1065	1254	1884	2050	5.68e-28	114
g3897.t1	PKY1	32.955	176	99	7	803	968	1884	2050	4.43e-19	84.3
g20448.t1	PKY1	28.395	324	204	9	348	649	1747	2064	2.42e-25	103
g9355.t1	PKY1	26.888	331	152	15	496	769	1749	2046	1.64e-20	88.6
g5288.t1	PKY1	28.198	344	196	6	569	903	1746	2047	5.61e-30	119
g10485.t1	PKY1	29.235	366	212	8	1100	1457	1724	2050	2.42e-33	132
g619.t1	UTP1	30.370	270	153	8	814	1056	416	677	2.92e-22	95.9
g10252.t1	DLA3	34.375	224	138	3	226	446	421	638	1.83e-30	115
g13476.t1	DRG1	55.337	356	155	2	14	367	1	354	8.27e-130	374
g8097.t1	PKY1	25.166	302	171	8	8	259	1747	2043	1.76e-17	79.0
g12307.t1	UTP1	27.511	229	147	8	101	318	404	624	1.25e-11	57.0
g13538.t1	PKY1	28.910	422	239	12	260	622	1744	2163	3.08e-33	129
g15388.t1	RFC4	40.959	271	149	5	20	279	5	275	5.95e-63	199
g10083.t1	UTP1	27.907	258	178	5	117	367	383	639	3.00e-26	103
g4127.t1	PKY1	31.100	209	124	5	2217	2415	1848	2046	4.95e-19	85.9
g2659.t1	PKY1	25.373	335	168	12	1	287	1744	2044	3.37e-14	68.6
g18817.t1	LPS1	44.547	541	208	11	494	1030	225	677	6.73e-132	437
g4528.t1	PKY1	32.317	328	184	11	476	779	1737	2050	1.36e-31	124
g6812.t2	PKY1	29.268	328	147	14	455	727	1749	2046	1.92e-22	95.9
g19574.t1	182390	61.935	155	54	2	1	150	170	324	8.40e-54	168
g2351.t1	PKY1	39.234	209	114	5	113	317	1847	2046	2.87e-36	137
g20602.t1	PKY1	29.483	329	152	18	439	718	1749	2046	2.45e-20	88.2
g13279.t2	PKY1	32.249	338	199	8	553	886	1740	2051	2.36e-36	140
g17828.t1	PKY1	40.602	133	73	4	1235	1366	1922	2049	1.04e-23	100
g19606.t1	522872	51.715	379	156	5	46	397	36	414	1.38e-108	337
g19614.t1	522875	49.289	422	139	14	1	355	1	414	2.92e-63	202
g17471.t1	MID	44.595	74	30	1	455	517	72	145	6.19e-12	56.2
g9654.t1	PKY1	25.937	347	167	15	450	744	1751	2059	3.35e-19	84.3
g14073.t2	PKY1	33.333	225	117	6	699	917	1852	2049	1.43e-30	121
g15373.t1	PKY1	29.817	218	124	11	915	1121	1847	2046	1.65e-18	82.8
g15521.t1	PKY1	41.667	204	110	5	228	426	1847	2046	4.34e-41	153
g4174.t1	PKY1	34.211	228	120	5	1162	1383	1847	2050	3.55e-29	118
g5277.t1	PKY1	23.776	286	153	11	9	245	1744	2013	2.64e-12	63.2
g5701.t1	PKY1	36.444	225	124	7	1090	1311	1851	2059	1.15e-30	122
g1900.t1	UTP1	26.697	221	149	4	69	283	416	629	3.43e-14	64.7
g13476.t3	DRG1	50.636	393	153	4	14	404	1	354	2.34e-122	357
g10731.t1	PKY1	36.058	208	123	6	896	1098	1848	2050	2.18e-32	129
g19619.t1	TOC34	72.619	336	91	1	61	395	63	398	0.0	515
g398.t1	PKY1	31.831	355	203	12	555	889	1747	2082	3.76e-30	120
g17711.t1	PKY1	30.376	372	221	12	28	375	1747	2104	2.39e-40	150
g3722.t1	PR46a	96.552	87	2	1	4	90	9	94	3.45e-57	167
g8669.t1	PKY1	28.767	219	111	9	517	711	1852	2049	2.63e-17	78.6
g12967.t1	PKY1	32.381	210	126	6	303	508	1849	2046	1.05e-15	71.6
g1655.t1	PKY1	28.963	328	164	14	100	373	1735	2047	1.10e-23	99.4
g17388.t1	PKY1	28.527	319	165	15	463	736	1746	2046	7.26e-20	86.7
g17831.t1	PKY1	32.370	173	91	7	539	692	1884	2049	3.48e-14	67.4
g15083.t1	DRG1	34.959	123	78	1	288	410	52	172	4.17e-15	68.6
g5323.t1	PKY1	34.783	92	60	0	711	802	1958	2049	2.62e-13	65.1
g17158.t1	PKY1	40.930	215	115	6	155	364	1847	2054	8.23e-38	141
g4374.t1	UTP1	28.291	357	172	14	933	1258	383	686	4.08e-17	78.6
g1482.t1	PKY1	23.944	213	81	8	1103	1312	1848	1982	3.14e-12	62.4
g14774.t1	PKY1	31.667	180	107	6	211	381	1878	2050	4.24e-18	77.8
g12879.t1	PKY1	26.543	324	161	14	440	712	1749	2046	4.25e-19	83.6
g19275.t1	PKY1	30.405	296	154	10	1014	1298	1796	2050	9.28e-33	129
g12948.t1	PKY1	33.175	211	124	7	93	299	1849	2046	4.07e-17	73.6
g734.t1	PKY1	38.760	129	79	0	862	990	1922	2050	1.20e-21	92.8
g11742.t1	PKY1	28.125	320	166	14	324	601	1749	2046	1.48e-16	75.1
g1460.t1	PKY1	27.451	255	140	10	2008	2240	1851	2082	5.53e-19	85.9
g20398.t1	PKY1	34.054	185	105	5	588	763	1874	2050	3.64e-20	87.0
g16210.t1	PKY1	25.344	363	164	12	158	476	1747	2046	6.43e-18	78.6
g15617.t1	PKY1	37.736	106	64	2	1472	1577	1954	2057	3.12e-15	72.4
g674.t1	PKY1	26.536	358	193	9	691	1020	1736	2051	4.54e-29	117
g2644.t1	PKY1	43.434	99	55	1	5	102	1961	2059	8.69e-18	74.7
g16323.t1	PKY1	27.226	393	185	12	621	1003	1745	2046	6.28e-20	87.0
g12188.t1	PKY1	36.752	117	57	3	1099	1215	1951	2050	1.27e-14	70.1
g7447.t1	PKY1	27.835	388	202	8	1018	1403	1735	2046	1.79e-29	119
g20302.t1	LPS1	35.260	173	97	8	135	300	435	599	5.32e-17	73.9
g19482.t1	PKY1	30.247	324	170	12	432	714	1751	2059	5.90e-25	102
g17892.t1	UTP1	29.565	230	151	5	354	577	426	650	6.96e-16	75.5
g4469.t1	PKY1	35.000	120	65	3	867	985	1951	2058	6.63e-12	60.8
g1680.t1	PKY1	28.165	387	209	11	771	1147	1727	2054	1.07e-31	126
g17666.t1	PKY1	27.108	332	152	17	378	653	1749	2046	1.16e-15	72.4
g3679.t1	EIF5Bb	85.558	457	64	1	1	457	1	455	0.0	617
g274.t1	PKY1	34.441	331	165	10	1	320	1753	2042	3.84e-42	157
g19049.t1	PKY1	31.727	249	115	8	948	1191	1852	2050	8.02e-29	116
g15793.t1	PKY1	29.947	374	191	8	314	683	1747	2053	4.11e-36	138
g4759.t1	PKY1	25.767	326	166	12	996	1273	1749	2046	9.69e-17	77.4
g20311.t1	LPS1	39.823	113	63	4	207	314	505	617	1.64e-18	79.0
g9923.t1	PKY1	27.954	347	161	15	574	866	1752	2063	1.13e-19	86.3
g4505.t1	PKY1	26.074	326	190	9	713	1012	1746	2046	5.80e-20	87.4
g19571.t1	294687	56.663	923	325	15	1352	2213	1465	2373	0.0	683
g15375.t1	PKY1	30.455	220	120	12	786	992	1847	2046	2.02e-18	82.0
g1890.t1	PSF2	27.458	295	176	13	127	406	116	387	3.57e-11	56.2
g7414.t1	PKY1	26.126	333	163	10	818	1096	1746	2049	6.03e-19	84.7
g5432.t1	PKY1	31.746	189	102	9	814	990	1873	2046	1.56e-15	72.8
g2318.t1	PKY1	26.230	366	192	15	857	1169	1713	2053	5.55e-12	62.0
g11562.t1	UTP1	33.594	256	162	5	896	1144	383	637	2.17e-28	115
g354.t1	PKY1	37.991	229	116	11	71	289	1848	2060	1.93e-23	97.1
g2349.t1	PKY1	27.729	339	161	13	523	815	1750	2050	7.56e-23	96.3
g3556.t1	PKY1	30.597	268	118	9	917	1182	1849	2050	5.15e-22	94.4
g1134.t1	PKY1	30.392	204	88	9	471	660	1887	2050	4.35e-13	63.9
g5164.t1	PKY1	24.204	314	167	11	29	289	1749	2044	2.88e-11	57.8
g19443.t1	PKY1	30.667	225	118	10	563	774	1847	2046	1.16e-18	82.4
g4140.t1	UTP1	23.789	227	165	5	41	261	404	628	8.10e-17	75.9
g3832.t1	PKY1	26.685	371	164	17	1	326	1744	2051	8.03e-17	77.8
g17876.t1	PKY1	30.464	151	91	4	1406	1556	1920	2056	5.49e-19	85.1
g13663.t1	RFC4	32.766	235	125	5	3	233	6	211	5.03e-36	127
g4644.t1	PKY1	32.203	295	151	12	2418	2703	1796	2050	6.38e-32	128
g3553.t1	LPS1	35.071	211	112	8	356	561	419	609	1.62e-24	100
g3509.t1	PKY1	30.400	375	181	17	858	1220	1744	2050	1.03e-37	145
g4769.t1	PKY1	32.773	119	54	3	858	970	1954	2052	4.23e-12	61.2
g14535.t1	PKY1	27.273	198	122	7	105	287	1860	2050	2.35e-12	62.0
g7808.t1	PKY1	26.518	313	169	12	522	791	1752	2046	6.23e-14	67.0
g4522.t1	PKY1	28.994	338	206	9	401	720	1737	2058	5.95e-28	112
g11721.t1	UTP1	30.769	143	92	4	628	763	405	547	6.37e-11	57.4
g16957.t1	MID	34.615	78	50	1	1382	1458	68	145	8.86e-11	54.3
g19088.t1	PKY1	30.220	364	208	12	669	1027	1728	2050	2.41e-31	124
g13279.t1	PKY1	32.249	338	199	8	536	869	1740	2051	2.55e-36	140
g19965.t1	PKY1	28.571	329	206	5	292	614	1744	2049	9.22e-36	137
g4800.t1	UTP1	29.572	257	170	6	13	265	331	580	3.05e-21	86.7
g4523.t1	PKY1	32.177	317	184	7	472	769	1747	2051	3.51e-29	116
g293.t1	PKY1	33.486	218	91	7	1181	1394	1884	2051	1.80e-28	115
g9012.t1	PKY1	28.780	205	125	8	1272	1463	1850	2046	3.67e-18	82.0
g2677.t1	PKY1	28.647	377	204	11	1046	1419	1736	2050	7.03e-36	140
g16848.t1	UTP1	25.079	315	201	7	122	408	381	688	1.96e-18	79.0
g13567.t1	UTP1	29.323	266	161	6	1231	1493	383	624	3.39e-22	95.1
g18533.t1	PKY1	33.333	150	92	3	648	793	1848	1993	3.37e-19	84.3
g10702.t1	PKY1	31.214	173	102	8	486	650	1883	2046	3.05e-16	74.7
g855.t1	PKY1	27.234	235	104	8	216	421	1850	2046	2.62e-13	63.5
g2495.t1	DLA3	42.512	621	290	10	40	623	44	634	9.97e-132	397
g19573.t1	HRGP1	50.542	277	123	5	179	452	230	495	1.99e-57	194
g3518.t1	PKY1	32.333	300	146	12	1039	1326	1796	2050	2.01e-32	128
g15723.t1	PKY1	25.628	199	108	4	440	606	1856	2046	9.37e-15	69.3
g9989.t1	PKY1	34.715	193	98	7	1188	1377	1884	2051	3.55e-27	111
g19021.t1	PKY1	27.597	308	163	12	456	715	1751	2046	7.16e-23	95.9
g20186.t1	PKY1	28.340	247	127	6	933	1176	1851	2050	4.91e-23	97.8
g14193.t1	PKY1	28.053	303	159	13	34	281	1739	2037	5.50e-16	74.3
g2245.t1	PKY1	25.000	260	168	7	3	247	1856	2103	3.20e-13	64.7
g13774.t1	PKY1	27.434	339	188	9	57	350	1742	2067	2.56e-21	88.2
g18530.t1	PKY1	28.247	308	140	14	691	931	1805	2098	3.59e-19	85.5
g3729.t1	PKY1	24.204	314	181	10	431	694	1737	2043	1.43e-14	69.7
g18405.t1	PKY1	30.945	307	136	17	69	319	1850	2136	1.90e-15	70.1
g19599.t1	DRG1	92.697	356	26	0	14	369	1	356	0.0	651
g19543.t1	PKY1	24.752	202	125	4	80	262	1851	2044	6.31e-17	77.0
g20262.t1	PKY1	26.367	311	166	17	1193	1448	1743	2045	3.96e-14	68.9
g14073.t1	PKY1	33.333	225	117	6	698	916	1852	2049	1.58e-30	121
g7404.t1	PKY1	29.189	370	172	12	2023	2371	1746	2046	1.28e-27	114
g8327.t1	UTP1	28.148	270	168	3	49	292	420	689	1.69e-28	109
g2536.t1	PKY1	29.348	184	95	8	582	750	1883	2046	4.68e-16	73.9
g6038.t1	PKY1	28.241	216	129	11	806	1011	1852	2051	1.79e-11	59.3
g747.t1	PKY1	38.865	229	122	7	241	465	1851	2065	1.34e-31	120
g9660.t1	PKY1	26.764	411	193	16	174	522	1742	2106	6.76e-20	88.6
g12007.t1	PKY1	39.130	207	118	5	334	534	1847	2051	1.03e-36	139
g2540.t1	UTP1	24.308	325	199	8	620	910	407	718	6.16e-19	84.0
g3126.t1	PKY1	37.500	120	67	3	163	276	1846	1963	1.50e-13	64.3
g17792.t1	PKY1	41.176	204	109	5	238	436	1847	2044	3.09e-33	126
g6759.t1	PKY1	28.371	356	196	15	869	1214	1744	2050	1.54e-27	112
g17708.t1	PKY1	36.000	200	119	6	987	1178	1852	2050	6.85e-29	117
g10057.t1	PKY1	39.884	173	98	5	1086	1252	1878	2050	2.36e-25	106
g14755.t1	PKY1	30.345	290	113	7	1081	1369	1852	2053	7.35e-26	107
g8907.t1	PKY1	29.598	348	180	12	1465	1789	1745	2050	5.05e-29	118
g3502.t1	PSF2	33.562	146	90	4	345	485	201	344	1.16e-15	70.5
g9397.t1	PKY1	28.025	314	154	14	454	714	1752	2046	5.08e-19	84.0
g4499.t2	PKY1	28.000	350	186	9	560	882	1746	2056	7.76e-29	116
g15490.t1	PKY1	26.498	317	161	12	279	545	1752	2046	5.86e-18	79.0
g12879.t2	PKY1	26.543	324	161	14	442	714	1749	2046	4.28e-19	83.6
g19022.t1	PKY1	26.045	311	168	13	295	558	1751	2046	9.80e-19	81.6
g3533.t2	PKY1	36.530	219	119	6	967	1182	1849	2050	2.87e-41	157
g20180.t1	PKY1	29.830	352	192	7	686	1033	1746	2046	1.99e-23	98.6
g3718.t1	GCSH	83.750	160	26	0	1	160	1	160	1.09e-95	270
g18440.t1	PKY1	30.263	228	100	10	974	1197	1878	2050	3.29e-11	58.9
g19481.t1	PKY1	30.380	316	163	11	438	712	1747	2046	9.69e-26	105
g17941.t1	PKY1	33.143	175	101	5	326	491	1887	2054	1.93e-20	86.7
g16001.t1	PKY1	32.558	344	194	7	451	788	1735	2046	2.28e-42	160
g17391.t1	PKY1	28.533	375	223	18	472	840	1746	2081	1.09e-17	79.7
g15352.t1	PKY1	26.380	163	108	4	629	779	1883	2045	9.18e-12	62.0
g7448.t1	PKY1	28.496	379	207	8	1070	1447	1735	2050	6.43e-32	127
g14191.t2	PKY1	37.799	209	115	5	193	392	1847	2049	7.17e-34	133
g13331.t1	PKY1	32.051	156	81	7	609	753	1873	2014	9.66e-14	66.6
g17852.t1	PKY1	24.667	300	181	8	14	268	1744	2043	7.57e-19	81.3
g17869.t1	PKY1	29.167	168	77	7	88	235	1847	1992	2.63e-11	56.6
g18271.t1	UTP1	28.125	160	113	2	74	231	421	580	4.74e-13	64.3
g19296.t1	PKY1	31.939	263	122	10	345	560	1805	2057	2.35e-22	94.0
g19789.t1	PKY1	25.466	322	159	14	1152	1419	1752	2046	1.57e-13	67.0
g13637.t1	PKY1	33.835	133	67	4	505	631	1951	2068	4.19e-14	68.2
g3141.t1	PKY1	28.775	351	199	11	1024	1371	1744	2046	4.37e-32	127
g15671.t1	PKY1	26.500	400	190	13	1943	2330	1744	2051	3.22e-27	112
g13186.t2	PSF2	24.896	241	172	7	15	250	148	384	8.93e-19	82.0
g13338.t1	PKY1	26.159	302	153	12	550	794	1722	2010	2.17e-12	63.2
g19255.t1	PKY1	28.899	218	109	3	932	1149	1882	2053	1.17e-22	96.7
g8097.t2	PKY1	25.166	302	171	8	8	259	1747	2043	1.73e-17	79.0
g16322.t1	PKY1	26.791	321	156	8	1148	1464	1745	1990	3.53e-17	80.1
g4723.t1	PKY1	29.630	189	106	4	556	743	1884	2046	1.85e-20	89.0
g397.t1	PKY1	30.606	330	171	14	341	626	1747	2062	2.05e-22	94.0
g2268.t1	PKY1	28.125	320	155	14	552	818	1749	2046	3.90e-18	80.9
g19270.t1	PKY1	30.928	291	155	11	957	1237	1796	2050	5.60e-32	127
g875.t1	PKY1	27.569	399	232	10	293	669	1744	2107	2.54e-33	129
g19082.t1	PKY1	32.620	187	105	7	851	1029	1873	2046	5.68e-20	87.4
g20174.t2	PKY1	30.278	360	180	11	570	917	1746	2046	7.49e-26	106
g9170.t1	PKY1	24.603	252	137	8	11	211	1743	1992	1.16e-12	60.1
g722.t1	LPS1	27.232	224	123	8	3	200	439	648	9.06e-19	76.6
g3535.t1	UTP1	33.333	276	155	3	1220	1474	420	687	2.63e-30	121
g1778.t1	PKY1	30.579	363	211	9	1263	1588	1737	2095	4.14e-29	118
g13420.t1	PKY1	24.444	315	180	10	13	277	1732	2038	8.07e-14	66.6
g11363.t1	PKY1	27.668	253	119	9	2209	2450	1851	2050	9.86e-21	91.7
g4524.t1	PKY1	31.833	311	155	8	500	760	1747	2050	2.07e-29	117
g2282.t1	PKY1	30.682	352	202	5	885	1227	1732	2050	5.80e-33	130
g10029.t1	PKY1	25.826	333	177	14	314	599	1737	2046	5.32e-19	82.8
g5702.t1	PKY1	36.444	225	124	7	1073	1294	1851	2059	3.43e-30	121
g19617.t1	RFC4	80.655	336	62	1	1	336	1	333	0.0	537
g19271.t1	PKY1	30.796	289	155	10	821	1098	1796	2050	2.56e-31	124
g9404.t1	PKY1	30.286	175	104	6	614	781	1883	2046	1.67e-16	75.5
g7175.t1	RFC4	26.908	249	133	8	583	821	2	211	5.84e-16	72.0
g19273.t1	PKY1	25.858	437	202	14	852	1276	1724	2050	5.70e-30	120
g5045.t1	PKY1	28.354	328	164	9	991	1271	1746	2049	2.67e-28	115
g7069.t1	UTP1	27.899	276	126	7	479	687	421	690	2.69e-15	71.2
g20416.t1	NMDA1	37.349	249	145	3	1	241	1	246	1.12e-51	164
g7520.t1	PKY1	30.198	202	120	9	486	676	1855	2046	2.52e-15	71.2
g5946.t1	PKY1	36.036	222	117	8	845	1062	1851	2051	1.17e-30	122
g11733.t1	PKY1	25.683	366	176	15	909	1224	1731	2050	4.06e-18	82.8
g16002.t1	PKY1	32.424	330	202	5	579	902	1732	2046	2.80e-44	166
g940.t1	PKY1	28.992	238	126	8	226	456	1848	2049	5.09e-15	68.9
g12293.t1	UTP1	31.220	205	133	4	246	444	422	624	8.91e-23	94.0
g13324.t3	PSF2	26.263	297	203	8	1018	1307	100	387	1.54e-25	104
g4385.t1	PKY1	25.076	327	156	15	550	818	1751	2046	2.07e-17	78.6
g19023.t1	PKY1	25.796	314	166	12	346	610	1751	2046	9.59e-23	95.1
g969.t1	PKY1	34.831	178	95	9	1466	1632	1883	2050	1.76e-18	83.6
