155027m:237310-238039(-)	g2133.t1	62.338	77	25	2	112	333	93	168	3.02e-16	75.9
182389m:103531-104146(-)	g2102.t1	60.127	158	55	2	1	453	1	157	1.77e-58	182
182390m:99183-101644(+)	g2117.t1	91.882	271	22	0	169	981	1	271	1.63e-144	413
182392m:86756-87519(+)	g2107.t1	89.041	73	8	0	202	420	1	73	5.40e-13	61.6
182394m:77918-78788(+)	g2139.t1	58.140	43	18	0	296	424	76	118	3.50e-09	51.6
294687m:105064-114642(-)	g2112.t1	70.455	748	203	7	1	2232	1	734	1.59e-163	563
294687m:105064-114642(-)	g2112.t1	95.279	233	11	0	6421	7119	2218	2450	3.38e-104	375
294687m:105064-114642(-)	g2112.t1	66.615	641	169	9	4375	6207	1531	2156	6.61e-54	210
294687m:105064-114642(-)	g2112.t1	59.748	159	47	2	3274	3699	1124	1282	1.36e-22	107
294687m:105064-114642(-)	g2112.t1	59.884	172	47	3	2575	3024	855	1026	5.72e-18	91.7
294687m:105064-114642(-)	g2112.t1	60.938	64	19	2	3889	4080	1363	1420	2.82e-07	56.6
522872m:299411-301440(+)	g2121.t1	84.308	325	46	1	268	1242	106	425	4.58e-162	486
522872m:299411-301440(+)	g6402.t1	37.019	208	128	1	547	1170	23	227	9.03e-35	131
522872m:299411-301440(+)	g2910.t1	25.287	174	120	5	571	1077	52	220	1.21e-07	53.1
522875m:135184-137781(-)	g2136.t1	91.241	137	11	1	10	420	5	140	3.79e-47	169
522875m:135184-137781(-)	g2136.t1	60.667	150	51	3	808	1242	266	412	7.01e-13	70.1
522875m:135184-137781(-)	g3997.t1	44.776	67	31	2	4	192	303	367	0.008	38.5
97782m:81014-81629(+)	g2139.t1	58.140	43	18	0	296	424	76	118	3.50e-09	51.6
ALB3m:88679-91451(+)	g2115.t1	91.534	378	30	2	313	1443	26	402	0.0	556
ALB3m:88679-91451(+)	g16559.t1	51.181	254	116	4	325	1086	71	316	7.68e-73	240
CGL70m:180499-183180(+)	g2126.t1	77.506	449	76	5	67	1350	23	467	0.0	586
DLA3m:288912-292479(-)	g2120.t1	91.703	229	19	0	1243	1929	349	577	4.19e-120	373
DLA3m:288912-292479(-)	g2120.t1	82.578	287	45	2	208	1053	1	287	6.60e-107	338
DLA3m:288912-292479(-)	g2120.t1	57.732	97	40	1	166	453	112	208	4.90e-26	113
DLA3m:288912-292479(-)	g14502.t1	46.862	239	106	3	1243	1902	326	562	9.83e-50	183
DLA3m:288912-292479(-)	g14502.t1	51.659	211	101	1	187	819	1	210	4.74e-49	181
DLA3m:288912-292479(-)	g14502.t1	54.348	92	42	0	172	447	120	211	1.63e-28	120
DLA3m:288912-292479(-)	g10372.t1	32.889	225	140	4	1261	1914	222	442	6.37e-22	99.4
DLA3m:288912-292479(-)	g10372.t1	32.000	75	48	2	181	399	86	159	3.54e-04	43.5
DLA3m:288912-292479(-)	g11157.t1	31.604	212	141	3	1285	1914	287	496	1.05e-17	86.7
DLA3m:288912-292479(-)	g11157.t1	36.250	80	50	1	181	420	38	116	3.13e-08	56.6
DLA3m:288912-292479(-)	g11157.t1	37.975	79	47	2	559	795	40	116	0.001	42.0
DLA3m:288912-292479(-)	g4224.t1	26.160	237	134	3	1315	1914	392	624	5.32e-11	65.9
DLA3m:288912-292479(-)	g17700.t1	29.000	100	43	3	208	426	1	99	0.001	39.3
DRG1m:200979-204132(+)	g2124.t1	97.191	356	10	0	1	1068	14	369	0.0	595
DRG1m:200979-204132(+)	g4327.t1	56.742	356	150	2	1	1062	14	367	6.56e-116	346
DRG1m:200979-204132(+)	g8938.t1	36.800	125	75	2	154	516	321	445	3.83e-08	55.1
DRG1m:200979-204132(+)	g13383.t1	33.333	147	91	3	91	516	328	472	8.42e-08	53.9
DRG1m:200979-204132(+)	g3740.t1	29.365	126	71	2	97	420	32	157	9.93e-06	47.4
DRG1m:200979-204132(+)	g8942.t1	38.614	101	51	2	154	423	124	224	1.18e-05	47.0
DRG1m:200979-204132(+)	g9590.t1	36.364	88	55	1	154	414	335	422	3.16e-05	45.8
EIF5Bbm:61515-65003(+)	g2135.t1	95.726	234	10	0	664	1365	114	347	1.27e-116	350
EIF5Bbm:61515-65003(+)	g2135.t1	93.750	32	2	0	325	420	2	33	5.33e-14	73.6
EIF5Bbm:61515-65003(+)	g4656.t1	28.723	94	64	2	97	372	160	252	1.99e-05	46.2
HDH1m:116630-119812(-)	g1548.t1	77.670	309	63	3	16	933	10	315	4.17e-143	411
HDH1m:116630-119812(-)	g12952.t1	38.246	285	159	6	115	921	538	821	4.83e-26	109
HGRP1m:329030-331111(-)	g2137.t1	90.323	496	41	1	40	1506	56	551	0.0	642
LEU1Sm:317411-319190(-)	g2113.t1	95.349	215	10	0	1	645	1	215	1.85e-152	426
LEU1Sm:317411-319190(-)	g9830.t1	37.500	48	30	0	298	441	574	621	0.007	37.4
LPS1m:139143-171097(+)	g2116.t1	74.442	403	66	5	1489	2652	1	381	3.68e-157	475
LPS1m:139143-171097(+)	g8661.t1	40.108	556	217	9	682	2004	637	1191	5.64e-119	401
LPS1m:139143-171097(+)	g8661.t1	35.833	120	56	1	130	426	154	273	4.73e-14	77.4
LPS1m:139143-171097(+)	g17153.t1	32.710	214	115	6	1255	1827	837	1044	3.08e-19	94.0
LPS1m:139143-171097(+)	g13124.t1	28.387	155	95	3	1300	1752	239	381	3.53e-11	67.0
LPS1m:139143-171097(+)	g8700.t1	25.410	244	143	10	1270	1938	792	1017	2.13e-08	58.5
LPS1m:139143-171097(+)	g5077.t1	47.541	61	29	2	1483	1662	490	548	6.34e-06	50.4
LPS1m:139143-171097(+)	g15389.t1	36.170	94	48	5	1531	1806	235	318	1.18e-04	45.8
LPS1m:139143-171097(+)	g17524.t1	30.597	134	85	4	1285	1686	59	184	5.12e-04	44.3
LPS1m:139143-171097(+)	g14066.t1	29.885	87	50	3	1465	1701	487	570	0.003	42.0
LPS1m:139143-171097(+)	g12810.t1	32.584	89	53	3	1531	1794	351	433	0.003	42.0
LPS1m:139143-171097(+)	g1192.t1	40.000	60	33	2	1486	1662	738	795	0.004	41.6
MADS2m:251373-254600(+)	g2129.t1	71.130	239	46	4	130	789	48	282	6.33e-65	228
MADS2m:251373-254600(+)	g2129.t1	57.297	185	35	3	1123	1557	451	631	1.51e-34	139
MIDm:286501-287123(+)	g9476.t1	52.941	51	24	0	280	432	1808	1858	3.97e-11	61.2
MIDm:286501-287123(+)	g13134.t1	50.000	50	25	0	286	435	1592	1641	9.32e-10	57.0
MIDm:286501-287123(+)	g10943.t1	46.154	52	28	0	286	441	1601	1652	1.91e-09	55.8
MIDm:286501-287123(+)	g454.t1	45.098	51	28	0	283	435	992	1042	2.33e-09	55.5
MIDm:286501-287123(+)	g10942.t1	38.182	55	34	0	271	435	1470	1524	5.24e-09	54.7
MIDm:286501-287123(+)	g3050.t1	48.148	54	28	0	268	429	42	95	6.09e-09	54.3
MIDm:286501-287123(+)	g11024.t1	48.000	50	26	0	286	435	1087	1136	4.75e-08	51.6
MIDm:286501-287123(+)	g13707.t1	44.000	50	28	0	280	429	5	54	1.11e-07	50.4
MIDm:286501-287123(+)	g142.t1	40.000	50	30	0	286	435	702	751	2.17e-07	49.3
MIDm:286501-287123(+)	g5397.t1	46.154	52	28	0	286	441	729	780	2.26e-07	49.3
MIDm:286501-287123(+)	g17532.t1	39.130	46	28	0	298	435	732	777	4.24e-07	48.5
MIDm:286501-287123(+)	g5253.t1	43.636	55	31	0	271	435	459	513	5.22e-07	48.1
MIDm:286501-287123(+)	g2343.t1	47.917	48	25	0	286	429	144	191	1.53e-06	47.0
MIDm:286501-287123(+)	g7419.t1	46.512	43	23	0	286	414	1271	1313	4.53e-06	45.4
MIDm:286501-287123(+)	g7419.t1	42.308	52	30	0	259	414	1613	1664	1.34e-05	43.9
MIDm:286501-287123(+)	g7419.t1	44.186	43	24	0	286	414	1455	1497	2.56e-04	40.0
MIDm:286501-287123(+)	g13758.t1	46.512	43	23	0	286	414	1152	1194	2.51e-05	43.1
MIDm:286501-287123(+)	g13758.t1	46.512	43	23	0	286	414	1336	1378	2.51e-05	43.1
MIDm:286501-287123(+)	g13758.t1	46.512	43	23	0	286	414	1913	1955	2.51e-05	43.1
MIDm:286501-287123(+)	g13758.t1	46.512	43	23	0	286	414	2097	2139	2.51e-05	43.1
MIDm:286501-287123(+)	g13758.t1	46.512	43	23	0	286	414	2275	2317	2.51e-05	43.1
MIDm:286501-287123(+)	g15096.t1	40.000	50	30	0	286	435	720	769	1.24e-04	41.2
MT0828m:345009-345366(-)	g2109.t1	96.629	89	3	0	4147	4413	330	418	5.26e-38	154
MT0828m:345009-345366(-)	g2109.t1	96.429	56	2	0	4848	5015	418	473	1.54e-26	118
MT0828m:345009-345366(-)	g2109.t1	90.164	61	6	0	6955	7137	614	674	2.66e-26	117
MT0828m:345009-345366(-)	g2109.t1	91.379	58	5	0	1788	1961	134	191	3.15e-13	75.5
MT0828m:345009-345366(-)	g2109.t1	91.892	37	3	0	2639	2749	232	268	4.01e-12	72.0
MT0828m:345009-345366(-)	g2109.t1	93.939	33	2	0	6542	6640	577	609	3.05e-11	68.9
MT0828m:345009-345366(-)	g2109.t1	88.571	35	4	0	2209	2313	200	234	3.27e-11	68.9
MT0828m:345009-345366(-)	g2109.t1	91.429	35	3	0	3779	3883	295	329	4.36e-11	68.6
MT0828m:345009-345366(-)	g2109.t1	66.000	50	15	1	1444	1593	87	134	3.05e-10	65.9
MT0828m:345009-345366(-)	g2109.t1	68.421	57	14	2	278	448	8	60	5.62e-10	65.1
MT0828m:345009-345366(-)	g2109.t1	90.909	33	3	0	5586	5684	492	524	5.77e-10	64.7
MT0828m:345009-345366(-)	g2109.t1	96.552	29	1	0	811	897	68	96	2.96e-09	62.4
MT0828m:345009-345366(-)	g2109.t1	92.308	26	2	0	5270	5347	470	495	5.08e-07	55.5
MT0828m:345009-345366(-)	g2109.t1	95.833	24	1	0	3312	3383	268	291	3.21e-06	52.8
MT0828m:345009-345366(-)	g2109.t1	85.714	28	4	0	6045	6128	531	558	4.15e-06	52.4
MT0828m:345009-345366(-)	g11367.t1	64.286	28	10	0	1480	1563	92	119	0.002	42.7
MTD1m:308873-311600(-)	g2122.t1	86.747	249	33	0	1	747	1	249	2.79e-93	294
MTD1m:308873-311600(-)	g2122.t1	87.963	108	13	0	1138	1461	258	365	5.31e-40	150
MTP0618m:239873-241080(-)	g2133.t1	85.417	48	7	0	340	483	1	48	2.52e-20	90.1
MTP0796m:338689-339306(+)	g2139.t1	58.140	43	18	0	313	441	76	118	4.10e-09	51.6
NIC7m:39982-47119(-)	g2109.t1	93.575	607	39	0	220	2040	68	674	0.0	1071
NIC7m:39982-47119(-)	g11367.t1	41.379	87	45	2	229	486	64	145	2.69e-12	68.6
NMDA1m:199057-200122(-)	g2125.t2	89.157	249	27	0	1	747	1	249	1.65e-158	444
NMDA1m:199057-200122(-)	g2125.t1	89.754	244	25	0	1	732	1	244	1.52e-156	439
NMDA1m:199057-200122(-)	g6696.t1	43.049	223	126	1	79	747	24	245	4.82e-57	185
OTU2m:232320-234447(-)	g2133.t1	86.751	317	34	4	1	939	993	1305	2.33e-157	477
OTU2m:232320-234447(-)	g13228.t1	31.788	151	85	5	496	897	143	292	3.81e-10	60.1
OTU2m:232320-234447(-)	g13228.t1	34.211	76	50	0	25	252	50	125	2.39e-05	45.4
PDK1m:175949-179936(-)	g2127.t1	89.140	442	44	2	211	1536	1	438	0.0	646
PDK1m:175949-179936(-)	g1347.t1	31.034	290	173	5	211	1065	1	268	3.32e-36	138
PDK1m:175949-179936(-)	g1347.t1	69.444	36	11	0	1345	1452	288	323	1.36e-09	59.7
PDK1m:175949-179936(-)	g1347.t2	30.201	298	173	5	211	1065	1	276	7.71e-35	134
PDK1m:175949-179936(-)	g1347.t2	69.444	36	11	0	1345	1452	296	331	1.58e-09	59.7
PDK1m:175949-179936(-)	g599.t1	29.677	310	189	6	157	1065	9	296	6.36e-34	132
PDK1m:175949-179936(-)	g599.t1	72.222	36	10	0	1345	1452	315	350	1.70e-09	59.7
PKY1m:258622-269217(+)	g2128.t1	88.828	725	70	7	4579	6738	1951	2669	0.0	1027
PKY1m:258622-269217(+)	g2128.t1	64.451	647	197	11	154	2046	475	1104	1.42e-104	376
PKY1m:258622-269217(+)	g2128.t1	74.354	503	113	6	2377	3864	1212	1705	1.65e-94	343
PKY1m:258622-269217(+)	g2128.t1	72.727	44	12	0	1	132	82	125	2.72e-13	76.3
PKY1m:258622-269217(+)	g2128.t1	85.417	48	6	1	4219	4359	1824	1871	1.39e-08	60.8
PKY1m:258622-269217(+)	g1745.t1	33.742	326	197	5	5200	6138	386	705	6.10e-44	174
PKY1m:258622-269217(+)	g1746.t1	32.635	334	195	5	5200	6138	562	886	3.37e-42	170
PKY1m:258622-269217(+)	g1748.t1	32.635	334	198	6	5200	6138	353	680	2.53e-39	160
PKY1m:258622-269217(+)	g1747.t1	32.635	334	198	6	5200	6138	450	777	7.37e-39	158
PKY1m:258622-269217(+)	g1089.t1	28.308	325	199	8	5230	6153	564	871	5.03e-36	149
PKY1m:258622-269217(+)	g1931.t1	40.865	208	108	7	5539	6147	307	504	9.77e-36	145
PKY1m:258622-269217(+)	g16389.t1	32.047	337	191	7	5233	6147	964	1294	9.65e-35	146
PKY1m:258622-269217(+)	g7797.t1	40.826	218	120	5	5536	6177	53	265	3.64e-34	140
PKY1m:258622-269217(+)	g11274.t1	33.333	339	191	10	5227	6177	6	331	1.38e-33	139
PKY1m:258622-269217(+)	g769.t1	29.248	359	223	9	5239	6273	28	369	4.86e-33	138
PKY1m:258622-269217(+)	g4150.t1	35.749	207	121	5	5551	6159	433	631	9.13e-33	137
PKY1m:258622-269217(+)	g3138.t4	36.893	206	123	4	5554	6153	1169	1373	1.98e-32	139
PKY1m:258622-269217(+)	g3138.t2	36.893	206	123	4	5554	6153	1164	1368	2.04e-32	139
PKY1m:258622-269217(+)	g3138.t1	36.893	206	123	4	5554	6153	1178	1382	2.10e-32	139
PKY1m:258622-269217(+)	g9706.t1	33.333	321	170	9	5230	6129	435	732	2.23e-32	137
PKY1m:258622-269217(+)	g3138.t3	36.893	206	123	4	5554	6153	1139	1343	2.28e-32	138
PKY1m:258622-269217(+)	g13777.t1	31.065	338	200	9	5227	6153	527	860	3.29e-32	137
PKY1m:258622-269217(+)	g16115.t1	31.909	351	197	13	5197	6150	979	1320	1.36e-31	136
PKY1m:258622-269217(+)	g17135.t1	34.579	214	121	5	5545	6138	1054	1264	1.76e-31	135
PKY1m:258622-269217(+)	g17135.t2	34.579	214	121	5	5545	6138	1055	1265	1.79e-31	135
PKY1m:258622-269217(+)	g7372.t1	28.177	362	192	8	5236	6171	993	1336	2.01e-31	135
PKY1m:258622-269217(+)	g8506.t1	40.796	201	106	5	5539	6123	162	355	4.01e-31	130
PKY1m:258622-269217(+)	g12715.t1	39.604	202	116	3	5539	6138	162	359	1.21e-30	129
PKY1m:258622-269217(+)	g5423.t1	29.942	344	199	7	5221	6162	255	586	1.40e-30	131
PKY1m:258622-269217(+)	g7784.t1	38.693	199	109	5	5545	6123	201	392	1.80e-30	128
PKY1m:258622-269217(+)	g7789.t1	37.339	233	130	8	5539	6210	152	377	3.39e-30	127
PKY1m:258622-269217(+)	g13843.t1	38.235	204	122	3	5554	6165	860	1059	1.11e-29	129
PKY1m:258622-269217(+)	g13843.t1	42.647	68	38	1	5233	5436	619	685	6.09e-06	52.0
PKY1m:258622-269217(+)	g13843.t2	38.235	204	122	3	5554	6165	861	1060	1.16e-29	129
PKY1m:258622-269217(+)	g13843.t2	42.647	68	38	1	5233	5436	620	686	5.99e-06	52.0
PKY1m:258622-269217(+)	g3514.t1	30.670	388	185	9	5206	6138	741	1121	1.42e-29	129
PKY1m:258622-269217(+)	g8888.t1	37.198	207	121	5	5548	6150	686	889	1.59e-29	128
PKY1m:258622-269217(+)	g8265.t1	30.435	322	199	7	5239	6204	623	919	4.57e-29	127
PKY1m:258622-269217(+)	g16110.t1	35.211	213	122	6	5551	6150	1537	1746	7.59e-29	127
PKY1m:258622-269217(+)	g15867.t1	35.681	213	128	3	5548	6162	771	982	8.21e-29	126
PKY1m:258622-269217(+)	g9150.t1	36.275	204	124	3	5542	6147	557	756	1.04e-28	126
PKY1m:258622-269217(+)	g11056.t1	30.312	320	206	8	5230	6165	494	804	1.48e-28	125
PKY1m:258622-269217(+)	g2611.t1	34.014	294	174	10	5353	6186	1189	1478	2.06e-28	125
PKY1m:258622-269217(+)	g983.t1	27.434	339	183	6	5212	6228	268	543	3.06e-28	122
PKY1m:258622-269217(+)	g11704.t1	35.514	214	122	3	5554	6150	1257	1469	3.10e-28	125
PKY1m:258622-269217(+)	g13330.t1	35.577	208	127	4	5539	6147	821	1026	4.91e-28	124
PKY1m:258622-269217(+)	g4529.t1	37.333	225	120	5	5539	6180	565	779	6.13e-28	124
PKY1m:258622-269217(+)	g983.t2	27.434	339	182	6	5212	6228	268	542	7.26e-28	121
PKY1m:258622-269217(+)	g15303.t1	30.199	351	190	10	5212	6138	115	452	8.05e-28	122
PKY1m:258622-269217(+)	g15716.t1	29.642	307	200	8	5233	6150	1941	2232	1.13e-27	124
PKY1m:258622-269217(+)	g3034.t1	35.577	208	124	6	5542	6150	553	755	1.23e-27	123
PKY1m:258622-269217(+)	g3034.t1	33.824	68	37	3	5242	5445	188	247	0.003	43.1
PKY1m:258622-269217(+)	g15721.t1	29.967	307	196	9	5233	6141	2148	2439	1.28e-27	123
PKY1m:258622-269217(+)	g11311.t3	38.265	196	106	6	5560	6123	83	271	1.78e-27	118
PKY1m:258622-269217(+)	g396.t1	33.333	222	123	5	5554	6153	1138	1356	2.00e-27	122
PKY1m:258622-269217(+)	g3527.t1	31.408	277	173	6	5356	6147	1396	1668	2.36e-27	122
PKY1m:258622-269217(+)	g9074.t1	34.978	223	123	4	5551	6162	1492	1711	2.55e-27	122
PKY1m:258622-269217(+)	g15391.t1	38.916	203	117	5	5539	6141	258	455	2.60e-27	121
PKY1m:258622-269217(+)	g11311.t2	38.265	196	106	6	5560	6123	205	393	3.29e-27	118
PKY1m:258622-269217(+)	g11309.t1	38.942	208	114	5	5536	6132	111	314	4.73e-27	116
PKY1m:258622-269217(+)	g16340.t1	36.683	199	120	3	5554	6147	653	846	6.02e-27	120
PKY1m:258622-269217(+)	g16340.t1	44.776	67	36	1	5236	5436	473	538	5.66e-07	55.1
PKY1m:258622-269217(+)	g14017.t1	34.123	211	120	5	5554	6138	1211	1418	7.32e-27	120
PKY1m:258622-269217(+)	g8504.t1	39.048	210	115	6	5536	6138	224	429	7.37e-27	117
PKY1m:258622-269217(+)	g17512.t1	33.921	227	117	6	5554	6153	796	1016	8.91e-27	120
PKY1m:258622-269217(+)	g15468.t1	29.283	321	188	8	5236	6168	595	886	9.34e-27	119
PKY1m:258622-269217(+)	g14118.t1	37.321	209	121	5	5539	6147	638	842	1.01e-26	119
PKY1m:258622-269217(+)	g15434.t1	40.659	182	99	5	5617	6147	1301	1478	1.06e-26	120
PKY1m:258622-269217(+)	g15434.t1	32.979	94	56	2	5197	5460	949	1041	2.01e-05	50.4
PKY1m:258622-269217(+)	g4559.t1	33.992	253	146	7	5539	6258	248	492	1.11e-26	120
PKY1m:258622-269217(+)	g1420.t1	35.784	204	124	4	5542	6138	993	1194	1.33e-26	119
PKY1m:258622-269217(+)	g14034.t1	35.772	246	146	7	5536	6249	286	527	2.47e-26	116
PKY1m:258622-269217(+)	g3143.t1	35.772	246	146	7	5536	6249	286	527	2.47e-26	116
PKY1m:258622-269217(+)	g11272.t1	38.889	216	106	10	5542	6138	340	546	2.87e-26	116
PKY1m:258622-269217(+)	g6962.t2	48.062	129	67	0	5773	6159	1060	1188	3.05e-26	118
PKY1m:258622-269217(+)	g6962.t1	48.062	129	67	0	5773	6159	1059	1187	3.37e-26	118
PKY1m:258622-269217(+)	g93.t1	37.915	211	124	6	5539	6162	465	671	3.80e-26	118
PKY1m:258622-269217(+)	g10293.t1	29.730	370	206	12	5257	6249	202	556	3.84e-26	116
PKY1m:258622-269217(+)	g15433.t1	38.587	184	102	4	5614	6141	1052	1232	4.45e-26	118
PKY1m:258622-269217(+)	g15433.t1	26.667	150	83	3	5230	5601	820	968	1.25e-06	54.3
PKY1m:258622-269217(+)	g13406.t1	28.625	269	176	5	5383	6150	1028	1293	6.89e-26	117
PKY1m:258622-269217(+)	g10445.t1	30.519	308	197	6	5239	6153	420	713	9.02e-26	116
PKY1m:258622-269217(+)	g15078.t1	28.191	376	201	13	5197	6147	775	1140	9.12e-26	117
PKY1m:258622-269217(+)	g10439.t1	30.915	317	197	8	5239	6174	440	739	1.32e-25	115
PKY1m:258622-269217(+)	g11311.t1	37.629	194	105	6	5560	6123	205	388	1.36e-25	113
PKY1m:258622-269217(+)	g15463.t1	30.721	319	191	7	5239	6153	282	584	1.54e-25	114
PKY1m:258622-269217(+)	g8614.t1	33.471	242	123	4	5554	6171	1031	1270	1.94e-25	115
PKY1m:258622-269217(+)	g767.t1	35.545	211	127	6	5536	6165	991	1193	2.07e-25	115
PKY1m:258622-269217(+)	g767.t1	31.461	89	60	1	5206	5469	844	932	0.002	43.9
PKY1m:258622-269217(+)	g9500.t1	32.727	220	122	6	5554	6147	1069	1284	2.62e-25	115
PKY1m:258622-269217(+)	g6818.t1	35.859	198	118	4	5539	6117	831	1024	4.42e-25	114
PKY1m:258622-269217(+)	g12290.t1	33.482	224	128	4	5539	6150	1119	1341	5.87e-25	114
PKY1m:258622-269217(+)	g4315.t1	28.342	374	198	12	5239	6159	1483	1853	7.03e-25	114
PKY1m:258622-269217(+)	g17137.t1	36.207	174	103	4	5632	6138	962	1132	7.69e-25	114
PKY1m:258622-269217(+)	g8268.t1	29.178	353	193	13	5218	6174	450	779	9.88e-25	112
PKY1m:258622-269217(+)	g3529.t1	27.297	381	205	13	5209	6150	1452	1827	1.06e-24	114
PKY1m:258622-269217(+)	g13585.t1	36.464	181	100	4	5626	6138	747	922	1.16e-24	113
PKY1m:258622-269217(+)	g15079.t1	33.486	218	122	7	5554	6147	1092	1306	1.23e-24	113
PKY1m:258622-269217(+)	g15079.t2	33.486	218	122	7	5554	6147	1091	1305	1.24e-24	113
PKY1m:258622-269217(+)	g1540.t1	34.272	213	117	8	5542	6141	992	1194	1.31e-24	113
PKY1m:258622-269217(+)	g11359.t1	26.316	342	206	8	5230	6150	559	889	1.41e-24	112
PKY1m:258622-269217(+)	g10452.t1	29.904	311	194	8	5239	6150	262	555	1.49e-24	111
PKY1m:258622-269217(+)	g2417.t1	30.619	307	193	6	5239	6138	597	890	1.53e-24	112
PKY1m:258622-269217(+)	g10451.t1	29.967	307	198	6	5239	6150	130	422	1.74e-24	109
PKY1m:258622-269217(+)	g6022.t1	35.648	216	119	8	5551	6150	1430	1641	1.98e-24	112
PKY1m:258622-269217(+)	g195.t1	31.673	281	160	5	5206	5970	1208	1482	2.04e-24	112
PKY1m:258622-269217(+)	g6022.t2	35.648	216	119	8	5551	6150	1432	1643	2.10e-24	112
PKY1m:258622-269217(+)	g8612.t1	33.058	242	124	4	5554	6171	1554	1793	2.80e-24	112
PKY1m:258622-269217(+)	g7071.t1	31.963	219	134	5	5548	6168	1786	2001	3.79e-24	112
PKY1m:258622-269217(+)	g16371.t1	31.176	340	197	12	5200	6171	509	827	3.87e-24	111
PKY1m:258622-269217(+)	g6602.t1	38.547	179	89	8	5650	6150	1268	1437	3.97e-24	111
PKY1m:258622-269217(+)	g9520.t1	34.161	161	103	1	5665	6138	888	1048	4.41e-24	111
PKY1m:258622-269217(+)	g9520.t1	27.922	154	89	4	5203	5601	643	795	1.70e-07	57.0
PKY1m:258622-269217(+)	g10123.t1	36.792	212	115	7	5542	6147	1217	1419	5.00e-24	111
PKY1m:258622-269217(+)	g11119.t1	28.344	314	157	9	5386	6150	1315	1619	6.62e-24	110
PKY1m:258622-269217(+)	g13338.t1	40.000	210	112	9	5536	6138	324	528	7.32e-24	109
PKY1m:258622-269217(+)	g11308.t1	38.265	196	112	7	5545	6117	219	410	8.52e-24	108
PKY1m:258622-269217(+)	g10438.t1	30.990	313	191	8	5239	6153	474	769	1.10e-23	109
PKY1m:258622-269217(+)	g8503.t1	37.850	214	115	7	5536	6138	235	443	1.69e-23	107
PKY1m:258622-269217(+)	g5066.t1	30.164	305	158	9	5236	6138	1649	1902	1.73e-23	109
PKY1m:258622-269217(+)	g8906.t1	29.586	338	191	10	5230	6153	2715	3035	2.15e-23	109
PKY1m:258622-269217(+)	g5625.t1	28.135	327	172	11	5236	6153	150	434	2.83e-23	105
PKY1m:258622-269217(+)	g8108.t1	30.032	313	180	9	5239	6111	450	745	2.89e-23	108
PKY1m:258622-269217(+)	g2525.t1	36.047	172	102	4	5650	6150	1407	1575	4.43e-23	108
PKY1m:258622-269217(+)	g7074.t1	32.394	213	129	5	5548	6150	1498	1707	4.79e-23	108
PKY1m:258622-269217(+)	g17376.t1	29.023	348	190	12	5215	6153	645	970	1.01e-22	106
PKY1m:258622-269217(+)	g13722.t1	38.506	174	103	2	5629	6150	412	581	1.15e-22	107
PKY1m:258622-269217(+)	g15295.t2	27.397	365	193	12	5230	6129	988	1345	1.20e-22	107
PKY1m:258622-269217(+)	g3991.t1	29.620	368	192	8	5215	6150	936	1292	1.31e-22	106
PKY1m:258622-269217(+)	g10097.t1	29.545	308	197	7	5239	6150	464	755	1.63e-22	105
PKY1m:258622-269217(+)	g4316.t1	29.329	283	168	10	5383	6162	1652	1925	1.86e-22	106
PKY1m:258622-269217(+)	g12421.t1	35.242	227	112	7	5539	6138	684	902	2.40e-22	105
PKY1m:258622-269217(+)	g13563.t1	31.556	225	124	6	5554	6147	1815	2036	2.44e-22	105
PKY1m:258622-269217(+)	g15869.t1	36.025	161	97	2	5698	6165	210	369	2.81e-22	102
PKY1m:258622-269217(+)	g8731.t1	30.180	222	129	6	5551	6147	1310	1528	3.24e-22	105
PKY1m:258622-269217(+)	g11572.t1	33.953	215	125	7	5545	6141	908	1121	3.91e-22	105
PKY1m:258622-269217(+)	g6647.t1	32.258	217	122	8	5545	6132	1236	1448	7.91e-22	104
PKY1m:258622-269217(+)	g3124.t1	43.089	123	70	0	5782	6150	911	1033	1.01e-21	103
PKY1m:258622-269217(+)	g4098.t1	40.244	164	92	5	5650	6138	1176	1334	1.22e-21	103
PKY1m:258622-269217(+)	g15400.t1	31.365	271	144	6	5233	5931	1434	1700	1.42e-21	103
PKY1m:258622-269217(+)	g4096.t1	40.244	164	92	5	5650	6138	1179	1337	2.23e-21	102
PKY1m:258622-269217(+)	g6597.t1	36.782	174	99	6	5650	6150	1258	1427	2.88e-21	102
PKY1m:258622-269217(+)	g15829.t1	39.634	164	93	5	5650	6138	1012	1170	3.00e-21	102
PKY1m:258622-269217(+)	g4730.t1	27.653	311	182	6	5230	6150	288	559	3.10e-21	101
PKY1m:258622-269217(+)	g15848.t1	29.712	313	162	11	5254	6150	253	521	3.42e-21	100
PKY1m:258622-269217(+)	g14163.t1	28.075	374	211	7	5203	6150	1153	1526	3.80e-21	102
PKY1m:258622-269217(+)	g12745.t1	28.338	367	201	8	5233	6162	1067	1428	4.27e-21	102
PKY1m:258622-269217(+)	g12745.t1	31.429	280	144	9	5257	5964	3124	3399	1.12e-17	90.9
PKY1m:258622-269217(+)	g12745.t1	29.191	346	191	10	5257	6141	5347	5689	1.43e-17	90.5
PKY1m:258622-269217(+)	g13972.t1	30.288	208	100	7	5650	6150	1085	1288	7.17e-21	100
PKY1m:258622-269217(+)	g16172.t1	34.597	211	119	8	5542	6150	1370	1569	1.21e-20	100
PKY1m:258622-269217(+)	g15295.t1	27.457	346	198	9	5230	6129	988	1326	1.24e-20	100
PKY1m:258622-269217(+)	g3713.t1	39.535	129	78	0	5767	6153	1347	1475	1.28e-20	100
PKY1m:258622-269217(+)	g3713.t1	55.556	36	16	0	5644	5751	1250	1285	0.004	42.4
PKY1m:258622-269217(+)	g2918.t1	31.746	189	107	7	5650	6165	1656	1839	1.50e-20	100
PKY1m:258622-269217(+)	g16843.t1	28.571	329	167	12	5233	6150	800	1083	1.62e-20	99.8
PKY1m:258622-269217(+)	g8389.t1	37.572	173	94	6	5665	6153	1812	1980	1.81e-20	99.8
PKY1m:258622-269217(+)	g8813.t1	30.145	345	183	10	5233	6153	1624	1948	1.89e-20	99.8
PKY1m:258622-269217(+)	g7891.t1	35.514	214	117	8	5536	6153	2544	2744	2.66e-20	99.4
PKY1m:258622-269217(+)	g2581.t1	27.179	390	206	8	5200	6138	1370	1758	2.72e-20	99.4
PKY1m:258622-269217(+)	g1634.t1	36.416	173	89	7	5650	6126	1607	1772	3.92e-20	98.6
PKY1m:258622-269217(+)	g15189.t1	25.635	394	198	7	5239	6168	3119	3501	4.65e-20	98.6
PKY1m:258622-269217(+)	g15189.t1	31.579	190	101	6	5239	5757	1384	1561	2.40e-13	76.6
PKY1m:258622-269217(+)	g15189.t1	30.625	160	79	4	5785	6168	1625	1784	2.25e-06	53.5
PKY1m:258622-269217(+)	g8193.t1	28.972	321	169	9	5236	6147	1890	2168	4.92e-20	98.6
PKY1m:258622-269217(+)	g6585.t1	35.780	218	119	9	5542	6144	1380	1593	7.11e-20	97.8
PKY1m:258622-269217(+)	g12423.t1	32.365	241	117	7	5539	6138	1411	1646	8.55e-20	97.4
PKY1m:258622-269217(+)	g15332.t1	35.484	186	94	7	5650	6153	1676	1853	1.05e-19	97.4
PKY1m:258622-269217(+)	g10828.t1	29.915	234	131	7	5551	6165	860	1089	1.32e-19	97.1
PKY1m:258622-269217(+)	g6471.t1	27.914	326	174	11	5257	6192	829	1107	2.33e-19	95.9
PKY1m:258622-269217(+)	g8388.t1	31.532	222	125	8	5554	6150	1492	1709	4.28e-19	95.1
PKY1m:258622-269217(+)	g9263.t1	40.336	119	70	1	5782	6138	4571	4688	5.05e-19	95.5
PKY1m:258622-269217(+)	g14154.t1	27.358	318	166	4	5206	5964	1234	1551	5.30e-19	95.1
PKY1m:258622-269217(+)	g6469.t1	29.870	308	157	11	5257	6150	1597	1855	5.88e-19	94.7
PKY1m:258622-269217(+)	g6469.t2	29.870	308	157	11	5257	6150	1598	1856	5.98e-19	94.7
PKY1m:258622-269217(+)	g8496.t1	30.045	223	127	5	5551	6141	208	427	6.20e-19	94.0
PKY1m:258622-269217(+)	g11140.t1	41.732	127	63	2	5779	6138	1211	1333	6.66e-19	94.7
PKY1m:258622-269217(+)	g8496.t2	30.045	223	127	5	5551	6141	215	434	6.88e-19	94.0
PKY1m:258622-269217(+)	g8625.t1	33.140	172	104	6	5665	6159	1177	1344	8.11e-19	94.4
PKY1m:258622-269217(+)	g10039.t1	44.828	116	61	1	5632	5979	1564	1676	9.23e-19	94.4
PKY1m:258622-269217(+)	g11123.t1	31.220	205	96	7	5650	6150	1650	1847	9.49e-19	94.4
PKY1m:258622-269217(+)	g6410.t1	34.831	178	97	7	5644	6150	1142	1309	1.16e-18	93.6
PKY1m:258622-269217(+)	g16281.t1	34.270	178	96	8	5650	6150	731	898	1.28e-18	93.2
PKY1m:258622-269217(+)	g16823.t1	25.062	403	215	11	5197	6189	1710	2097	1.60e-18	93.6
PKY1m:258622-269217(+)	g11139.t1	40.625	128	65	2	5779	6141	1228	1351	1.65e-18	93.2
PKY1m:258622-269217(+)	g10449.t1	29.197	274	182	5	5338	6150	296	560	1.81e-18	92.0
PKY1m:258622-269217(+)	g1119.t1	28.483	323	165	11	5236	6147	1181	1456	2.15e-18	92.8
PKY1m:258622-269217(+)	g11746.t1	35.519	183	110	4	5617	6153	738	916	2.32e-18	92.4
PKY1m:258622-269217(+)	g1697.t1	30.660	212	132	6	5551	6150	1163	1371	3.67e-18	92.4
PKY1m:258622-269217(+)	g9165.t1	29.907	321	167	12	5254	6165	614	893	4.36e-18	91.7
PKY1m:258622-269217(+)	g2595.t1	26.392	413	199	10	5233	6171	1308	1715	4.37e-18	92.0
PKY1m:258622-269217(+)	g2595.t1	30.645	186	114	3	5233	5745	3103	3288	4.38e-13	75.9
PKY1m:258622-269217(+)	g2595.t1	34.043	141	66	4	5782	6138	3359	3494	5.30e-07	55.5
PKY1m:258622-269217(+)	g7247.t1	33.333	225	119	7	5539	6144	333	549	4.74e-18	91.3
PKY1m:258622-269217(+)	g6408.t1	34.831	178	97	8	5644	6150	1108	1275	6.55e-18	91.3
PKY1m:258622-269217(+)	g6595.t1	32.934	167	101	6	5650	6129	1328	1490	7.53e-18	91.3
PKY1m:258622-269217(+)	g11748.t1	35.165	182	107	5	5617	6141	1213	1390	9.43e-18	90.9
PKY1m:258622-269217(+)	g11748.t1	26.515	132	74	4	5200	5589	981	1091	0.007	42.0
PKY1m:258622-269217(+)	g7827.t1	32.710	214	117	8	5539	6138	1527	1727	1.06e-17	90.9
PKY1m:258622-269217(+)	g15357.t1	28.520	277	139	10	5236	6030	3537	3766	1.08e-17	90.9
PKY1m:258622-269217(+)	g11747.t2	34.254	181	111	4	5617	6147	1901	2077	1.14e-17	90.5
PKY1m:258622-269217(+)	g11747.t1	34.254	181	111	4	5617	6147	1840	2016	1.26e-17	90.5
PKY1m:258622-269217(+)	g9366.t1	30.516	213	104	4	5632	6147	2420	2629	1.40e-17	90.5
PKY1m:258622-269217(+)	g6468.t1	28.852	305	161	12	5230	6126	200	454	3.64e-17	87.4
PKY1m:258622-269217(+)	g3423.t1	31.405	242	117	7	5551	6153	122	355	3.93e-17	88.2
PKY1m:258622-269217(+)	g7895.t1	36.667	120	72	1	5779	6138	1927	2042	4.14e-17	89.0
PKY1m:258622-269217(+)	g7895.t1	30.986	142	88	3	5335	5748	1721	1856	1.31e-08	60.8
PKY1m:258622-269217(+)	g14486.t1	42.708	96	55	0	5860	6147	2944	3039	4.68e-17	89.0
PKY1m:258622-269217(+)	g14486.t1	42.000	100	51	2	5536	5823	2770	2866	5.04e-09	62.4
PKY1m:258622-269217(+)	g11749.t1	34.409	186	111	5	5617	6153	3823	4004	4.85e-17	88.6
PKY1m:258622-269217(+)	g11749.t1	35.260	173	104	4	5584	6090	1260	1428	3.76e-16	85.9
PKY1m:258622-269217(+)	g11749.t1	32.796	186	97	5	5617	6159	2510	2672	1.53e-13	77.0
PKY1m:258622-269217(+)	g11749.t1	28.226	124	71	3	5236	5601	2275	2382	0.004	43.1
PKY1m:258622-269217(+)	g6191.t1	34.659	176	96	7	5650	6150	644	809	6.03e-17	87.8
PKY1m:258622-269217(+)	g9777.t1	32.850	207	120	7	5545	6138	834	1030	6.67e-17	87.8
PKY1m:258622-269217(+)	g13968.t1	34.302	172	94	8	5650	6138	385	546	7.96e-17	86.7
PKY1m:258622-269217(+)	g17375.t1	34.118	170	104	3	5644	6150	1083	1245	8.25e-17	87.8
PKY1m:258622-269217(+)	g3695.t1	39.496	119	72	0	5782	6138	815	933	1.03e-16	87.0
PKY1m:258622-269217(+)	g3695.t1	40.625	64	36	2	5554	5745	614	675	0.004	42.4
PKY1m:258622-269217(+)	g11729.t1	28.244	262	129	7	5539	6150	505	765	1.14e-16	87.0
PKY1m:258622-269217(+)	g15844.t1	28.374	289	154	6	5236	5970	1146	1425	2.97e-16	85.9
PKY1m:258622-269217(+)	g6192.t1	34.302	172	94	7	5650	6138	1045	1206	4.41e-16	85.1
PKY1m:258622-269217(+)	g15569.t1	27.899	276	113	8	5548	6129	1793	2064	4.42e-16	85.5
PKY1m:258622-269217(+)	g5651.t1	31.776	214	120	9	5554	6159	184	383	5.42e-16	82.8
PKY1m:258622-269217(+)	g7641.t1	36.612	183	97	8	5659	6180	354	526	5.94e-16	84.0
PKY1m:258622-269217(+)	g6240.t1	35.359	181	89	7	5638	6138	871	1037	6.06e-16	84.7
PKY1m:258622-269217(+)	g1917.t1	26.286	350	170	16	5197	6141	789	1085	7.27e-16	84.3
PKY1m:258622-269217(+)	g13947.t1	33.113	151	96	2	5668	6114	2100	2247	7.78e-16	84.7
PKY1m:258622-269217(+)	g6470.t1	32.065	184	108	6	5620	6150	2221	2394	8.92e-16	84.3
PKY1m:258622-269217(+)	g12744.t1	29.360	344	179	10	5257	6096	1278	1621	9.23e-16	84.3
PKY1m:258622-269217(+)	g7619.t1	39.370	127	72	3	5779	6147	1369	1494	1.08e-15	84.0
PKY1m:258622-269217(+)	g7619.t1	48.780	41	21	0	5647	5769	1251	1291	0.001	44.3
PKY1m:258622-269217(+)	g13929.t1	37.870	169	98	4	5548	6045	230	394	1.10e-15	84.0
PKY1m:258622-269217(+)	g11529.t1	28.571	315	167	12	5254	6165	123	390	1.35e-15	82.8
PKY1m:258622-269217(+)	g15193.t1	28.184	369	185	14	5239	6150	241	594	1.35e-15	82.8
PKY1m:258622-269217(+)	g5148.t1	32.093	215	123	8	5542	6147	261	465	1.65e-15	82.0
PKY1m:258622-269217(+)	g12674.t1	27.132	387	194	10	5239	6150	2521	2902	1.80e-15	83.6
PKY1m:258622-269217(+)	g6194.t2	34.118	170	93	7	5650	6132	1082	1241	1.84e-15	83.2
PKY1m:258622-269217(+)	g6194.t1	34.118	170	93	7	5650	6132	1072	1231	1.96e-15	83.2
PKY1m:258622-269217(+)	g9044.t1	35.119	168	92	6	5659	6138	1018	1176	2.27e-15	82.8
PKY1m:258622-269217(+)	g288.t1	33.684	190	83	6	5659	6150	781	953	2.41e-15	82.8
PKY1m:258622-269217(+)	g9063.t1	36.145	166	93	6	5659	6138	935	1093	2.69e-15	82.8
PKY1m:258622-269217(+)	g9853.t1	26.797	306	173	9	5233	6138	2563	2821	2.99e-15	82.8
PKY1m:258622-269217(+)	g12680.t1	26.154	390	174	11	5239	6147	1178	1540	3.10e-15	82.8
PKY1m:258622-269217(+)	g12680.t1	26.000	400	174	14	5239	6114	2701	3086	6.55e-13	75.1
PKY1m:258622-269217(+)	g16127.t1	28.746	327	174	10	5218	6159	1580	1860	3.28e-15	82.4
PKY1m:258622-269217(+)	g627.t1	29.677	310	162	11	5254	6138	796	1064	3.75e-15	82.0
PKY1m:258622-269217(+)	g1117.t1	27.597	308	157	9	5281	6147	107	367	6.06e-15	79.3
PKY1m:258622-269217(+)	g6456.t1	26.316	304	165	11	5257	6138	2277	2531	6.18e-15	81.6
PKY1m:258622-269217(+)	g3775.t1	34.104	173	102	5	5545	6051	5700	5864	7.45e-15	81.6
PKY1m:258622-269217(+)	g5885.t1	26.852	324	165	16	5254	6138	638	918	7.54e-15	80.9
PKY1m:258622-269217(+)	g12924.t1	33.659	205	115	8	5554	6156	525	712	7.66e-15	81.6
PKY1m:258622-269217(+)	g4244.t1	28.939	311	169	11	5254	6150	639	909	1.01e-14	80.5
PKY1m:258622-269217(+)	g3903.t1	26.254	339	186	9	5233	6201	218	508	1.10e-14	79.7
PKY1m:258622-269217(+)	g15190.t1	33.898	177	107	5	5239	5745	1258	1432	1.12e-14	80.9
PKY1m:258622-269217(+)	g628.t1	29.545	308	158	12	5254	6126	615	880	1.19e-14	80.5
PKY1m:258622-269217(+)	g7470.t1	27.299	348	168	14	5233	6150	1861	2165	1.28e-14	80.9
PKY1m:258622-269217(+)	g14099.t1	39.024	123	58	4	5779	6114	1580	1696	1.31e-14	80.5
PKY1m:258622-269217(+)	g15423.t1	26.667	285	152	9	5227	6075	11	240	1.45e-14	80.1
PKY1m:258622-269217(+)	g10390.t1	27.372	274	144	9	5254	6030	520	753	1.47e-14	80.1
PKY1m:258622-269217(+)	g13965.t1	33.140	172	95	8	5650	6138	159	319	1.93e-14	77.0
PKY1m:258622-269217(+)	g12681.t1	26.703	367	170	12	5239	6114	1206	1548	2.20e-14	80.1
PKY1m:258622-269217(+)	g12681.t1	25.505	396	186	12	5239	6147	2548	2927	5.71e-12	72.0
PKY1m:258622-269217(+)	g7588.t1	38.462	91	54	1	5875	6141	1846	1936	2.71e-14	79.7
PKY1m:258622-269217(+)	g15406.t1	34.302	172	97	5	5650	6150	977	1137	3.00e-14	79.3
PKY1m:258622-269217(+)	g16747.t1	27.243	301	197	10	5269	6138	600	889	3.38e-14	79.0
PKY1m:258622-269217(+)	g7004.t1	30.317	221	114	9	5551	6147	2573	2775	3.40e-14	79.3
PKY1m:258622-269217(+)	g6997.t1	24.599	374	174	15	5197	6150	1011	1332	4.01e-14	79.0
PKY1m:258622-269217(+)	g8892.t1	32.298	161	89	2	5542	5967	1654	1813	4.04e-14	79.0
PKY1m:258622-269217(+)	g8892.t1	32.353	68	46	0	5236	5439	1522	1589	6.57e-04	45.4
PKY1m:258622-269217(+)	g12966.t1	35.385	130	73	2	5779	6147	1785	1910	4.35e-14	79.0
PKY1m:258622-269217(+)	g5884.t1	26.437	348	182	15	5254	6213	655	956	5.02e-14	78.2
PKY1m:258622-269217(+)	g10045.t1	28.481	316	162	16	5245	6138	741	1010	5.24e-14	78.2
PKY1m:258622-269217(+)	g11160.t1	34.503	171	94	9	5650	6138	423	583	5.90e-14	77.4
PKY1m:258622-269217(+)	g7445.t1	25.321	312	163	10	5233	6144	46	295	6.10e-14	75.1
PKY1m:258622-269217(+)	g12513.t1	34.132	167	100	5	5659	6150	945	1104	7.44e-14	78.2
PKY1m:258622-269217(+)	g13001.t1	42.000	100	54	3	5860	6150	1835	1933	8.44e-14	77.8
PKY1m:258622-269217(+)	g13001.t1	32.479	117	53	4	5542	5823	1628	1741	3.44e-07	56.2
PKY1m:258622-269217(+)	g640.t1	33.728	169	87	5	5644	6138	565	712	8.69e-14	77.4
PKY1m:258622-269217(+)	g10379.t1	28.479	309	168	11	5254	6138	622	891	9.62e-14	77.4
PKY1m:258622-269217(+)	g10402.t1	30.460	174	100	8	5650	6138	587	750	1.05e-13	77.0
PKY1m:258622-269217(+)	g14630.t1	30.240	334	181	15	5236	6153	1596	1905	1.10e-13	77.4
PKY1m:258622-269217(+)	g7825.t1	31.361	169	98	4	5665	6168	1400	1551	1.22e-13	77.4
PKY1m:258622-269217(+)	g4946.t1	33.333	186	97	9	5650	6156	1345	1520	1.39e-13	77.0
PKY1m:258622-269217(+)	g11200.t1	36.000	175	91	6	5653	6147	2472	2635	1.51e-13	77.0
PKY1m:258622-269217(+)	g16765.t1	30.476	210	117	11	5554	6138	52	247	1.52e-13	73.6
PKY1m:258622-269217(+)	g7626.t1	29.846	325	170	12	5218	6153	1934	2213	1.53e-13	77.0
PKY1m:258622-269217(+)	g810.t1	33.333	207	116	10	5554	6150	652	844	1.54e-13	77.0
PKY1m:258622-269217(+)	g4945.t1	33.721	172	95	8	5650	6138	1267	1428	1.84e-13	76.6
PKY1m:258622-269217(+)	g8903.t1	33.166	199	110	8	5650	6198	1055	1246	1.86e-13	76.6
PKY1m:258622-269217(+)	g5954.t1	34.463	177	89	8	5650	6138	874	1037	1.94e-13	76.6
PKY1m:258622-269217(+)	g9395.t1	32.620	187	106	6	5650	6177	549	726	2.00e-13	76.3
PKY1m:258622-269217(+)	g9253.t1	31.609	174	99	7	5644	6138	595	757	2.13e-13	76.3
PKY1m:258622-269217(+)	g10785.t1	33.149	181	93	9	5650	6138	954	1124	2.31e-13	76.3
PKY1m:258622-269217(+)	g16129.t1	33.333	174	100	4	5650	6153	2092	2255	2.35e-13	76.6
PKY1m:258622-269217(+)	g12743.t1	27.273	407	186	14	5239	6147	1656	2056	2.38e-13	76.6
PKY1m:258622-269217(+)	g15427.t1	25.943	212	103	4	5650	6138	570	776	2.95e-13	75.9
PKY1m:258622-269217(+)	g885.t1	30.409	171	96	7	5659	6138	542	700	2.99e-13	75.5
PKY1m:258622-269217(+)	g89.t1	32.370	173	94	8	5647	6132	972	1132	3.05e-13	75.9
PKY1m:258622-269217(+)	g642.t1	31.579	171	107	5	5644	6138	810	976	3.12e-13	75.9
PKY1m:258622-269217(+)	g625.t1	26.284	331	158	14	5254	6138	1127	1407	3.59e-13	75.9
PKY1m:258622-269217(+)	g10802.t1	30.994	171	103	6	5650	6138	568	731	5.02e-13	74.7
PKY1m:258622-269217(+)	g5886.t1	28.097	331	179	14	5254	6198	612	899	5.26e-13	75.1
PKY1m:258622-269217(+)	g1447.t1	32.386	176	92	7	5650	6138	951	1112	5.37e-13	75.1
PKY1m:258622-269217(+)	g9768.t1	31.429	175	100	7	5650	6138	777	943	5.80e-13	74.7
PKY1m:258622-269217(+)	g13726.t1	32.558	172	94	7	5659	6138	1038	1199	5.81e-13	75.1
PKY1m:258622-269217(+)	g10988.t1	34.503	171	95	7	5650	6138	586	747	5.93e-13	74.7
PKY1m:258622-269217(+)	g3515.t1	33.974	156	70	3	5782	6150	1713	1868	6.82e-13	75.1
PKY1m:258622-269217(+)	g3515.t1	34.940	83	39	2	5548	5751	1531	1613	1.52e-04	47.4
PKY1m:258622-269217(+)	g4904.t2	37.692	130	72	5	5650	6030	31	154	8.95e-13	72.4
PKY1m:258622-269217(+)	g14480.t1	32.620	187	102	7	5632	6138	701	881	9.40e-13	73.9
PKY1m:258622-269217(+)	g2582.t1	32.500	200	109	6	5200	5745	1422	1613	9.65e-13	74.3
PKY1m:258622-269217(+)	g2582.t1	28.169	142	78	3	5785	6138	1705	1846	0.002	43.5
PKY1m:258622-269217(+)	g1763.t1	30.846	201	110	4	5224	5748	1226	1423	1.04e-12	74.3
PKY1m:258622-269217(+)	g1763.t1	40.000	65	38	1	5770	5964	1502	1565	6.52e-04	45.4
PKY1m:258622-269217(+)	g13002.t1	41.237	97	53	3	5860	6141	1563	1658	1.28e-12	73.9
PKY1m:258622-269217(+)	g13002.t1	27.928	111	58	2	5548	5823	1372	1479	6.00e-05	48.9
PKY1m:258622-269217(+)	g4904.t1	37.209	129	67	6	5650	6030	31	147	1.33e-12	71.6
PKY1m:258622-269217(+)	g16748.t1	26.349	315	199	11	5242	6138	562	859	1.34e-12	73.9
PKY1m:258622-269217(+)	g7136.t1	28.571	175	102	7	5650	6138	1037	1200	1.41e-12	73.6
PKY1m:258622-269217(+)	g10386.t1	27.076	277	143	10	5254	6030	3680	3915	1.52e-12	73.9
PKY1m:258622-269217(+)	g1706.t1	32.184	174	94	8	5650	6138	1121	1281	1.78e-12	73.6
PKY1m:258622-269217(+)	g15528.t1	27.329	322	155	14	5236	6141	194	456	1.80e-12	73.6
PKY1m:258622-269217(+)	g10308.t1	28.152	341	151	17	5254	6138	603	895	1.90e-12	73.2
PKY1m:258622-269217(+)	g10804.t1	30.814	172	102	6	5650	6138	691	854	1.90e-12	73.2
PKY1m:258622-269217(+)	g7665.t1	31.122	196	118	4	5203	5751	1719	1910	1.93e-12	73.6
PKY1m:258622-269217(+)	g12053.t1	25.278	360	164	12	5257	6138	128	448	2.05e-12	72.4
PKY1m:258622-269217(+)	g15360.t1	24.752	202	108	3	5662	6138	1420	1620	2.10e-12	73.2
PKY1m:258622-269217(+)	g8117.t1	30.645	186	114	3	5233	5745	1297	1482	2.41e-12	73.2
PKY1m:258622-269217(+)	g11501.t1	33.136	169	96	4	5650	6135	1629	1787	2.46e-12	73.2
PKY1m:258622-269217(+)	g16270.t1	24.854	342	187	12	5230	6183	879	1174	2.75e-12	72.8
PKY1m:258622-269217(+)	g11500.t1	33.136	169	96	4	5650	6135	1596	1754	3.08e-12	72.8
PKY1m:258622-269217(+)	g1613.t1	33.136	169	98	6	5659	6141	1301	1462	3.67e-12	72.4
PKY1m:258622-269217(+)	g4836.t1	27.331	311	160	13	5254	6138	678	938	3.94e-12	72.0
PKY1m:258622-269217(+)	g13878.t1	28.049	328	168	15	5203	6138	646	921	5.05e-12	71.6
PKY1m:258622-269217(+)	g884.t1	30.055	183	111	8	5617	6138	554	728	5.78e-12	71.2
PKY1m:258622-269217(+)	g9157.t1	28.223	287	137	11	5359	6168	1532	1766	5.79e-12	72.0
PKY1m:258622-269217(+)	g624.t1	29.000	200	94	8	5641	6138	1348	1533	6.38e-12	71.6
PKY1m:258622-269217(+)	g10801.t1	30.814	172	102	6	5650	6138	779	942	8.41e-12	70.9
PKY1m:258622-269217(+)	g4242.t1	26.462	325	170	13	5254	6150	621	902	9.42e-12	70.9
PKY1m:258622-269217(+)	g12957.t1	37.500	96	58	2	5860	6141	1998	2093	9.89e-12	71.2
PKY1m:258622-269217(+)	g12957.t1	40.000	60	33	1	5650	5829	1831	1887	1.94e-05	50.4
PKY1m:258622-269217(+)	g9496.t1	31.746	189	109	7	5656	6183	641	822	1.05e-11	70.9
PKY1m:258622-269217(+)	g3646.t1	26.000	300	165	12	5254	6132	176	425	1.05e-11	70.5
PKY1m:258622-269217(+)	g16656.t1	27.368	190	120	5	5563	6129	318	490	1.08e-11	70.5
PKY1m:258622-269217(+)	g8910.t1	32.967	182	99	8	5650	6168	956	1123	1.17e-11	70.5
PKY1m:258622-269217(+)	g16275.t1	24.762	315	158	13	5251	6138	859	1113	1.42e-11	70.5
PKY1m:258622-269217(+)	g12920.t1	33.133	166	99	7	5650	6132	844	1002	1.47e-11	70.1
PKY1m:258622-269217(+)	g4909.t1	27.072	362	157	15	5254	6138	860	1181	1.58e-11	70.1
PKY1m:258622-269217(+)	g10307.t1	26.957	345	151	16	5248	6138	568	859	1.80e-11	70.1
PKY1m:258622-269217(+)	g10307.t2	26.957	345	151	16	5248	6138	643	934	1.88e-11	70.1
PKY1m:258622-269217(+)	g11347.t1	30.769	182	101	8	5644	6150	860	1029	1.94e-11	70.1
PKY1m:258622-269217(+)	g10909.t1	25.532	329	169	5	5227	5985	111	439	1.94e-11	68.9
PKY1m:258622-269217(+)	g244.t1	41.000	100	57	1	5866	6159	1408	1507	1.98e-11	70.1
PKY1m:258622-269217(+)	g8673.t1	29.630	189	100	6	5653	6147	505	684	2.13e-11	69.3
PKY1m:258622-269217(+)	g16266.t1	34.503	171	94	8	5650	6138	957	1117	2.22e-11	69.7
PKY1m:258622-269217(+)	g1907.t1	26.425	193	125	5	5554	6132	76	251	2.72e-11	69.3
PKY1m:258622-269217(+)	g14302.t1	25.526	333	173	10	5248	6138	681	974	3.09e-11	69.3
PKY1m:258622-269217(+)	g14481.t1	32.432	185	103	7	5632	6138	726	904	3.10e-11	69.3
PKY1m:258622-269217(+)	g8689.t1	26.816	358	166	14	5248	6147	576	895	3.14e-11	69.3
PKY1m:258622-269217(+)	g14303.t1	26.488	336	165	12	5248	6138	445	737	3.85e-11	68.6
PKY1m:258622-269217(+)	g10387.t1	29.577	213	107	10	5554	6138	50	237	4.05e-11	65.9
PKY1m:258622-269217(+)	g193.t1	37.143	105	46	3	5881	6135	9	113	5.14e-11	64.7
PKY1m:258622-269217(+)	g15692.t1	34.951	103	61	1	5860	6150	320	422	5.54e-11	68.2
PKY1m:258622-269217(+)	g10071.t1	29.756	205	125	7	5629	6228	100	290	5.85e-11	68.2
PKY1m:258622-269217(+)	g4544.t1	29.255	188	117	5	5554	6114	39	211	5.92e-11	68.2
PKY1m:258622-269217(+)	g2583.t1	32.620	187	110	4	5233	5745	865	1051	6.05e-11	68.6
PKY1m:258622-269217(+)	g2583.t1	29.839	124	78	2	5782	6153	1122	1236	4.40e-04	45.8
PKY1m:258622-269217(+)	g14301.t1	27.273	341	156	13	5248	6138	541	833	6.78e-11	68.2
PKY1m:258622-269217(+)	g2580.t1	27.962	211	125	4	5233	5784	3189	3399	1.02e-10	67.8
PKY1m:258622-269217(+)	g2580.t1	26.380	163	80	3	5782	6153	3472	3633	6.24e-05	48.9
PKY1m:258622-269217(+)	g16392.t1	33.533	167	97	7	5656	6138	912	1070	1.10e-10	67.4
PKY1m:258622-269217(+)	g16218.t1	40.196	102	55	4	5860	6150	2860	2960	1.16e-10	67.8
PKY1m:258622-269217(+)	g16218.t1	38.182	55	31	1	5659	5823	2445	2496	6.64e-04	45.4
PKY1m:258622-269217(+)	g7212.t1	22.917	192	133	5	5554	6129	85	261	1.19e-10	67.0
PKY1m:258622-269217(+)	g7307.t1	35.294	102	61	3	5860	6150	2479	2580	1.22e-10	67.4
PKY1m:258622-269217(+)	g7307.t1	38.889	54	30	1	5647	5808	2342	2392	6.64e-05	48.5
PKY1m:258622-269217(+)	g2092.t1	24.451	364	217	10	5209	6258	431	750	1.26e-10	67.4
PKY1m:258622-269217(+)	g10904.t1	29.952	207	125	3	5227	5787	111	317	1.33e-10	66.6
PKY1m:258622-269217(+)	g10904.t1	29.054	148	81	3	5782	6153	372	519	2.01e-04	46.6
PKY1m:258622-269217(+)	g9233.t1	29.082	196	114	3	5233	5745	1591	1786	1.50e-10	67.4
PKY1m:258622-269217(+)	g9233.t1	29.333	150	80	2	5782	6153	1862	2011	2.55e-07	56.6
PKY1m:258622-269217(+)	g5920.t1	29.508	183	103	6	5617	6135	117	283	1.52e-10	66.6
PKY1m:258622-269217(+)	g16026.t1	31.492	181	98	9	5554	6084	103	261	1.69e-10	66.2
PKY1m:258622-269217(+)	g12381.t1	29.121	182	112	5	5233	5754	1219	1391	1.77e-10	67.0
PKY1m:258622-269217(+)	g12381.t1	36.290	124	69	4	5779	6141	1470	1586	2.96e-10	66.2
PKY1m:258622-269217(+)	g7061.t1	23.333	300	169	12	5233	6114	7	251	1.80e-10	66.2
PKY1m:258622-269217(+)	g9156.t1	27.547	265	139	9	5371	6138	1414	1634	1.94e-10	66.6
PKY1m:258622-269217(+)	g16533.t1	24.919	309	165	12	5251	6132	1302	1558	2.07e-10	66.6
PKY1m:258622-269217(+)	g9057.t1	32.524	206	119	10	5554	6138	781	977	2.09e-10	66.6
PKY1m:258622-269217(+)	g9501.t1	31.183	186	107	7	5623	6138	672	850	2.47e-10	66.2
PKY1m:258622-269217(+)	g4339.t1	35.345	116	69	4	5830	6162	1774	1888	3.05e-10	66.2
PKY1m:258622-269217(+)	g4339.t1	32.727	110	53	2	5548	5823	1596	1702	6.06e-07	55.5
PKY1m:258622-269217(+)	g15527.t1	33.143	175	95	7	5659	6141	67	233	3.34e-10	66.2
PKY1m:258622-269217(+)	g13197.t1	28.025	157	101	4	5665	6132	5	150	3.56e-10	65.5
PKY1m:258622-269217(+)	g2412.t1	31.868	182	99	7	5650	6138	946	1121	3.65e-10	65.9
PKY1m:258622-269217(+)	g6794.t1	26.871	294	160	12	5251	6111	18	263	4.46e-10	65.5
PKY1m:258622-269217(+)	g8024.t1	31.556	225	118	11	5539	6138	1594	1807	4.70e-10	65.5
PKY1m:258622-269217(+)	g12670.t1	26.936	297	153	7	5239	5964	1287	1574	5.69e-10	65.1
PKY1m:258622-269217(+)	g10774.t1	24.803	254	117	6	5551	6150	2799	3032	6.15e-10	65.5
PKY1m:258622-269217(+)	g2458.t1	32.850	207	100	12	5542	6111	821	1005	6.48e-10	65.1
PKY1m:258622-269217(+)	g13483.t2	25.758	198	131	5	5536	6129	35	216	8.32e-10	63.5
PKY1m:258622-269217(+)	g9234.t1	28.934	197	114	3	5233	5745	1519	1715	8.56e-10	64.7
PKY1m:258622-269217(+)	g9234.t1	39.706	68	41	0	5782	5985	1790	1857	1.20e-05	51.2
PKY1m:258622-269217(+)	g13483.t1	25.758	198	131	5	5536	6129	35	216	8.90e-10	63.5
PKY1m:258622-269217(+)	g13483.t3	25.758	198	131	5	5536	6129	35	216	8.94e-10	63.5
PKY1m:258622-269217(+)	g9878.t1	26.562	320	177	12	5254	6153	798	1079	2.06e-09	63.2
PKY1m:258622-269217(+)	g27.t1	29.146	199	126	9	5539	6126	125	311	2.11e-09	62.4
PKY1m:258622-269217(+)	g14348.t1	31.183	186	81	8	5707	6138	865	1045	2.32e-09	63.2
PKY1m:258622-269217(+)	g14362.t1	27.751	209	114	8	5551	6129	320	507	2.46e-09	62.8
PKY1m:258622-269217(+)	g5442.t1	36.585	123	65	4	5869	6210	1856	1974	3.23e-09	62.8
PKY1m:258622-269217(+)	g11786.t1	24.837	306	176	12	5227	6126	68	325	3.54e-09	62.4
PKY1m:258622-269217(+)	g15192.t1	31.169	154	100	2	5302	5745	763	916	3.56e-09	62.8
PKY1m:258622-269217(+)	g15192.t1	40.580	69	39	2	5239	5442	2279	2346	2.37e-06	53.5
PKY1m:258622-269217(+)	g15192.t1	32.824	131	81	3	5788	6174	988	1113	7.23e-04	45.1
PKY1m:258622-269217(+)	g6132.t1	28.037	214	128	10	5554	6171	129	324	3.84e-09	62.0
PKY1m:258622-269217(+)	g16027.t1	24.148	352	198	11	5230	6231	1	301	4.17e-09	62.0
PKY1m:258622-269217(+)	g10784.t1	38.136	118	57	6	5650	5985	1022	1129	4.46e-09	62.4
PKY1m:258622-269217(+)	g11980.t1	30.827	133	82	5	5644	6033	898	1023	5.13e-09	62.0
PKY1m:258622-269217(+)	g8630.t1	26.203	187	122	5	5554	6111	96	267	5.34e-09	61.6
PKY1m:258622-269217(+)	g14300.t1	30.337	178	101	6	5647	6138	721	889	7.15e-09	61.2
PKY1m:258622-269217(+)	g6253.t1	27.273	176	102	6	5668	6141	70	237	7.62e-09	61.2
PKY1m:258622-269217(+)	g10563.t1	31.373	102	69	1	5860	6162	1463	1564	8.23e-09	61.6
PKY1m:258622-269217(+)	g10563.t1	34.409	93	52	2	5548	5808	1296	1385	1.42e-05	50.8
PKY1m:258622-269217(+)	g6193.t1	29.762	168	75	8	5650	6138	1054	1183	8.60e-09	61.2
PKY1m:258622-269217(+)	g1961.t1	27.564	312	147	17	5254	6096	636	899	9.49e-09	61.2
PKY1m:258622-269217(+)	g12387.t1	25.970	335	172	16	5212	6150	524	804	1.18e-08	60.8
PKY1m:258622-269217(+)	g6732.t1	29.268	164	99	4	5671	6132	168	324	1.26e-08	60.5
PKY1m:258622-269217(+)	g7692.t1	36.607	112	57	4	5851	6147	695	805	1.38e-08	60.5
PKY1m:258622-269217(+)	g9053.t1	29.167	168	99	8	5650	6126	720	876	1.71e-08	60.1
PKY1m:258622-269217(+)	g13903.t1	40.000	100	56	3	5860	6150	2060	2158	2.02e-08	60.1
PKY1m:258622-269217(+)	g13903.t1	43.103	58	33	0	5650	5823	1861	1918	3.40e-06	52.8
PKY1m:258622-269217(+)	g7711.t1	26.263	198	125	6	5554	6132	81	262	2.04e-08	59.7
PKY1m:258622-269217(+)	g14292.t1	34.127	126	74	5	5659	6030	1014	1132	2.05e-08	60.1
PKY1m:258622-269217(+)	g7691.t1	36.607	112	57	4	5851	6147	1987	2097	2.24e-08	60.1
PKY1m:258622-269217(+)	g7691.t1	30.973	113	64	4	5851	6150	835	946	2.17e-04	47.0
PKY1m:258622-269217(+)	g17643.t1	36.111	108	58	1	5860	6150	728	835	2.55e-08	59.7
PKY1m:258622-269217(+)	g14622.t1	28.365	208	119	9	5551	6132	710	901	2.72e-08	59.7
PKY1m:258622-269217(+)	g12170.t1	27.638	199	122	7	5551	6132	1282	1463	3.10e-08	59.7
PKY1m:258622-269217(+)	g9864.t1	31.461	89	54	1	5902	6147	1470	1558	3.38e-08	59.3
PKY1m:258622-269217(+)	g9864.t1	33.684	95	58	3	5542	5820	1277	1368	2.62e-05	50.1
PKY1m:258622-269217(+)	g14653.t1	35.135	111	61	1	5851	6150	1000	1110	3.45e-08	59.3
PKY1m:258622-269217(+)	g6724.t1	30.061	163	99	6	5671	6132	147	303	4.17e-08	58.9
PKY1m:258622-269217(+)	g433.t1	37.624	101	59	3	5860	6153	1756	1855	5.10e-08	58.9
PKY1m:258622-269217(+)	g433.t1	37.179	78	46	1	5650	5883	1507	1581	5.20e-07	55.5
PKY1m:258622-269217(+)	g17064.t1	25.220	341	202	15	5227	6180	45	355	5.80e-08	57.8
PKY1m:258622-269217(+)	g15952.t1	24.534	322	168	9	5257	6138	58	332	6.27e-08	58.5
PKY1m:258622-269217(+)	g11891.t1	24.631	203	137	6	5551	6153	124	312	6.98e-08	57.4
PKY1m:258622-269217(+)	g9916.t1	33.673	98	63	2	5860	6150	1466	1562	8.11e-08	58.2
PKY1m:258622-269217(+)	g9916.t1	26.154	260	116	10	5230	5823	1129	1374	6.15e-07	55.5
PKY1m:258622-269217(+)	g1099.t1	29.609	179	104	6	5554	6081	128	287	9.70e-08	56.6
PKY1m:258622-269217(+)	g15292.t1	28.659	164	88	3	5650	6057	1180	1342	9.71e-08	57.8
PKY1m:258622-269217(+)	g6725.t1	27.000	200	132	5	5551	6135	130	320	1.07e-07	57.4
PKY1m:258622-269217(+)	g12620.t1	26.380	163	96	6	5554	6021	103	248	1.24e-07	56.6
PKY1m:258622-269217(+)	g8103.t1	22.305	269	156	7	5215	6015	19	236	1.39e-07	55.8
PKY1m:258622-269217(+)	g11266.t1	38.272	81	48	1	5542	5778	1485	1565	1.42e-07	57.4
PKY1m:258622-269217(+)	g11266.t1	31.618	136	79	2	5782	6150	1639	1773	1.02e-05	51.2
PKY1m:258622-269217(+)	g11266.t1	33.824	68	45	0	5233	5436	1347	1414	1.83e-04	47.0
PKY1m:258622-269217(+)	g13868.t1	21.037	328	189	10	5227	6132	1	284	1.65e-07	57.0
PKY1m:258622-269217(+)	g12309.t1	30.380	158	89	8	5551	6012	92	232	1.73e-07	56.6
PKY1m:258622-269217(+)	g6300.t1	23.175	315	176	9	5227	6111	7	275	1.87e-07	57.0
PKY1m:258622-269217(+)	g8936.t1	37.615	109	61	3	5884	6192	1190	1297	2.40e-07	56.6
PKY1m:258622-269217(+)	g11189.t1	37.255	102	53	3	5659	5955	2084	2177	2.83e-07	56.6
PKY1m:258622-269217(+)	g6082.t1	25.455	165	95	4	5680	6132	321	471	2.97e-07	56.2
PKY1m:258622-269217(+)	g1983.t1	24.028	283	161	12	5281	6114	73	306	3.46e-07	55.8
PKY1m:258622-269217(+)	g16732.t1	34.351	131	80	4	5785	6165	1483	1611	3.55e-07	56.2
PKY1m:258622-269217(+)	g11273.t1	35.878	131	68	3	5782	6150	812	934	3.61e-07	55.8
PKY1m:258622-269217(+)	g12961.t1	33.663	101	64	1	5860	6153	1292	1392	3.62e-07	55.8
PKY1m:258622-269217(+)	g7664.t1	28.205	195	107	5	5233	5754	1829	2011	3.68e-07	56.2
PKY1m:258622-269217(+)	g7664.t1	41.176	68	39	1	5764	5967	2232	2298	4.84e-04	45.8
PKY1m:258622-269217(+)	g14192.t1	30.612	147	85	3	5776	6165	2044	2190	5.13e-07	55.5
PKY1m:258622-269217(+)	g14654.t1	30.303	132	73	6	5659	6033	825	944	5.32e-07	55.5
PKY1m:258622-269217(+)	g13577.t1	34.821	112	60	3	5851	6150	1871	1981	5.54e-07	55.5
PKY1m:258622-269217(+)	g13577.t1	40.909	88	50	2	5551	5811	33	119	1.02e-05	51.2
PKY1m:258622-269217(+)	g16734.t1	34.351	131	80	4	5785	6165	891	1019	7.08e-07	55.1
PKY1m:258622-269217(+)	g8507.t1	31.169	154	69	6	5764	6114	628	781	7.16e-07	54.7
PKY1m:258622-269217(+)	g4908.t1	32.231	121	63	5	5656	6012	690	793	7.35e-07	54.7
PKY1m:258622-269217(+)	g5692.t1	25.581	172	108	6	5647	6132	136	297	7.46e-07	54.7
PKY1m:258622-269217(+)	g6795.t1	24.662	296	165	11	5248	6111	23	268	7.68e-07	54.7
PKY1m:258622-269217(+)	g2011.t1	25.126	199	117	6	5554	6114	120	298	7.73e-07	54.7
PKY1m:258622-269217(+)	g7717.t1	29.891	184	118	5	5650	6177	705	885	7.74e-07	54.7
PKY1m:258622-269217(+)	g11724.t1	26.699	206	104	5	5650	6144	112	311	8.34e-07	54.7
PKY1m:258622-269217(+)	g11723.t1	26.699	206	104	5	5650	6144	134	333	8.36e-07	54.7
PKY1m:258622-269217(+)	g5692.t2	25.581	172	108	6	5647	6132	136	297	8.99e-07	54.7
PKY1m:258622-269217(+)	g13966.t1	26.627	169	84	6	5650	6138	293	427	9.56e-07	53.9
PKY1m:258622-269217(+)	g15946.t1	23.220	323	172	9	5257	6138	58	333	1.03e-06	54.3
PKY1m:258622-269217(+)	g6717.t1	23.011	352	190	10	5200	6129	32	344	1.09e-06	54.7
PKY1m:258622-269217(+)	g15704.t1	34.000	100	55	1	5881	6147	1146	1245	1.10e-06	54.3
PKY1m:258622-269217(+)	g3701.t1	27.273	165	100	6	5647	6114	298	451	1.16e-06	53.9
PKY1m:258622-269217(+)	g1813.t1	24.528	265	149	11	5233	6018	64	280	1.40e-06	53.5
PKY1m:258622-269217(+)	g10474.t1	28.042	189	114	6	5632	6171	720	895	1.54e-06	53.9
PKY1m:258622-269217(+)	g15323.t1	31.193	109	64	3	5638	5964	581	678	1.59e-06	53.9
PKY1m:258622-269217(+)	g3399.t1	33.333	108	58	3	5860	6153	501	604	1.60e-06	53.5
PKY1m:258622-269217(+)	g3399.t1	29.565	115	62	5	5554	5874	96	199	0.002	43.5
PKY1m:258622-269217(+)	g13491.t1	29.448	163	73	7	5554	5976	1	143	2.07e-06	52.4
PKY1m:258622-269217(+)	g13466.t1	34.615	78	51	0	5920	6153	880	957	2.07e-06	53.5
PKY1m:258622-269217(+)	g4274.t1	31.731	104	60	1	5851	6129	1033	1136	2.77e-06	53.1
PKY1m:258622-269217(+)	g6860.t1	26.923	208	117	8	5554	6132	86	273	3.08e-06	53.1
PKY1m:258622-269217(+)	g3638.t1	26.543	162	88	7	5551	6012	249	387	3.13e-06	52.8
PKY1m:258622-269217(+)	g3638.t2	26.543	162	88	7	5551	6012	249	387	3.50e-06	52.8
PKY1m:258622-269217(+)	g5140.t1	29.452	146	79	7	5554	5979	50	175	4.86e-06	52.4
PKY1m:258622-269217(+)	g15016.t1	27.381	168	71	3	5773	6153	1816	1973	5.34e-06	52.4
PKY1m:258622-269217(+)	g15426.t1	26.374	91	67	0	5866	6138	856	946	7.51e-06	51.6
PKY1m:258622-269217(+)	g14626.t1	25.701	214	117	8	5545	6132	644	833	8.10e-06	51.2
PKY1m:258622-269217(+)	g14191.t1	29.861	144	80	4	5776	6150	2240	2381	8.35e-06	51.6
PKY1m:258622-269217(+)	g16330.t1	23.826	298	167	12	5239	6111	10	254	8.99e-06	51.2
PKY1m:258622-269217(+)	g6107.t1	26.457	223	105	5	5650	6150	1343	1562	9.33e-06	51.2
PKY1m:258622-269217(+)	g13583.t1	32.407	108	60	3	5851	6138	1015	1121	9.61e-06	51.2
PKY1m:258622-269217(+)	g3476.t1	26.286	175	97	5	5626	6132	924	1072	9.65e-06	51.2
PKY1m:258622-269217(+)	g17705.t1	26.540	211	113	10	5551	6129	199	385	1.01e-05	50.4
PKY1m:258622-269217(+)	g395.t1	28.743	167	85	7	5683	6129	672	822	1.02e-05	51.2
PKY1m:258622-269217(+)	g7663.t1	26.415	212	120	8	5551	6129	179	373	1.09e-05	50.4
PKY1m:258622-269217(+)	g11269.t1	28.947	152	92	5	5563	6018	2	137	1.16e-05	50.4
PKY1m:258622-269217(+)	g2818.t2	34.862	109	59	2	5851	6141	1103	1211	1.33e-05	50.8
PKY1m:258622-269217(+)	g1648.t1	31.304	115	68	3	5635	5979	797	900	1.78e-05	50.4
PKY1m:258622-269217(+)	g12074.t1	35.938	64	41	0	5776	5967	2516	2579	1.83e-05	50.4
PKY1m:258622-269217(+)	g12074.t1	28.750	160	80	6	5359	5751	2144	2298	3.82e-04	46.2
PKY1m:258622-269217(+)	g9342.t1	25.595	168	91	6	5548	5976	108	266	2.03e-05	49.3
PKY1m:258622-269217(+)	g15907.t1	29.747	158	75	7	5551	5973	377	515	2.05e-05	50.1
PKY1m:258622-269217(+)	g12632.t1	30.682	176	92	8	5668	6147	477	638	2.06e-05	50.1
PKY1m:258622-269217(+)	g4379.t1	24.865	185	83	4	5542	5934	1628	1810	2.19e-05	50.1
PKY1m:258622-269217(+)	g4799.t1	34.000	100	60	2	5851	6138	2529	2626	2.26e-05	50.1
PKY1m:258622-269217(+)	g17107.t1	24.111	253	139	10	5227	5976	35	237	2.29e-05	49.7
PKY1m:258622-269217(+)	g6685.t1	28.141	199	127	6	5554	6132	121	309	3.00e-05	49.7
PKY1m:258622-269217(+)	g14613.t1	27.488	211	117	10	5545	6132	860	1049	3.13e-05	49.7
PKY1m:258622-269217(+)	g7522.t1	29.714	175	99	6	5650	6147	113	272	3.70e-05	49.3
PKY1m:258622-269217(+)	g4666.t1	24.731	279	138	8	5209	5964	447	680	3.73e-05	49.3
PKY1m:258622-269217(+)	g339.t1	33.333	144	83	7	5779	6192	1446	1582	4.00e-05	49.3
PKY1m:258622-269217(+)	g338.t1	33.846	130	74	6	5779	6150	1492	1615	4.52e-05	49.3
PKY1m:258622-269217(+)	g6219.t1	31.481	108	59	3	5851	6129	921	1028	4.62e-05	48.9
PKY1m:258622-269217(+)	g5794.t1	29.452	146	82	7	5554	5976	101	230	4.77e-05	48.1
PKY1m:258622-269217(+)	g11256.t1	27.660	141	84	2	5785	6153	1632	1772	4.85e-05	48.9
PKY1m:258622-269217(+)	g4494.t1	30.496	141	81	5	5554	5976	127	250	4.97e-05	48.5
PKY1m:258622-269217(+)	g13595.t1	33.028	109	60	3	5851	6141	630	737	5.65e-05	48.5
PKY1m:258622-269217(+)	g14862.t1	23.494	332	176	12	5230	6132	1	285	5.84e-05	48.9
PKY1m:258622-269217(+)	g340.t1	33.846	130	74	6	5779	6150	2367	2490	5.85e-05	48.9
PKY1m:258622-269217(+)	g7523.t1	29.070	172	98	6	5659	6147	114	270	6.30e-05	48.5
PKY1m:258622-269217(+)	g7511.t1	29.299	157	82	8	5545	5976	908	1048	7.06e-05	48.5
PKY1m:258622-269217(+)	g3578.t1	28.947	152	86	6	5554	5976	141	281	7.24e-05	48.1
PKY1m:258622-269217(+)	g12375.t1	44.615	65	33	1	5779	5964	2419	2483	7.28e-05	48.5
PKY1m:258622-269217(+)	g11869.t1	25.610	164	94	5	5683	6132	380	529	7.84e-05	48.1
PKY1m:258622-269217(+)	g10399.t1	22.561	164	104	4	5704	6162	900	1051	8.75e-05	48.1
PKY1m:258622-269217(+)	g13133.t1	24.224	161	109	5	5554	6033	24	172	9.01e-05	48.1
PKY1m:258622-269217(+)	g13512.t1	28.226	124	75	5	5617	5988	716	825	9.60e-05	47.8
PKY1m:258622-269217(+)	g2052.t1	28.472	144	84	6	5581	6006	378	504	9.66e-05	47.8
PKY1m:258622-269217(+)	g1017.t1	23.889	180	90	6	5671	6114	109	273	9.90e-05	47.8
PKY1m:258622-269217(+)	g14614.t1	27.014	211	118	9	5545	6132	1045	1234	9.91e-05	47.8
PKY1m:258622-269217(+)	g1843.t1	26.295	251	142	12	5554	6243	1616	1844	1.01e-04	48.1
PKY1m:258622-269217(+)	g14807.t1	32.692	104	54	5	5872	6141	974	1075	1.15e-04	47.8
PKY1m:258622-269217(+)	g699.t1	34.906	106	59	5	5536	5847	2048	2145	1.23e-04	47.8
PKY1m:258622-269217(+)	g14232.t1	29.108	213	125	10	5554	6171	61	254	1.29e-04	47.4
PKY1m:258622-269217(+)	g4003.t1	45.763	59	32	0	5788	5964	1970	2028	1.33e-04	47.8
PKY1m:258622-269217(+)	g4003.t1	32.353	68	46	0	5233	5436	1653	1720	0.005	42.7
PKY1m:258622-269217(+)	g14361.t1	27.551	196	118	8	5554	6132	110	284	1.41e-04	47.4
PKY1m:258622-269217(+)	g13490.t1	26.490	151	91	6	5554	5976	1	141	1.52e-04	46.2
PKY1m:258622-269217(+)	g7016.t1	23.077	169	98	6	5551	6012	297	448	1.59e-04	47.0
PKY1m:258622-269217(+)	g13729.t1	28.302	106	65	4	5698	6012	286	381	1.62e-04	47.0
PKY1m:258622-269217(+)	g8547.t1	27.273	209	105	11	5560	6114	228	413	1.68e-04	46.6
PKY1m:258622-269217(+)	g14612.t1	24.766	214	119	8	5545	6132	494	683	1.70e-04	47.0
PKY1m:258622-269217(+)	g8544.t1	29.457	129	78	4	5638	6018	427	544	1.78e-04	47.0
PR46am:244253-245075(-)	g2131.t1	93.000	100	4	1	1	291	1	100	7.37e-59	179
PR46bm:242499-243969(+)	g2132.t1	90.972	144	13	0	145	576	1	144	2.64e-68	212
PSF2m:94066-98926(-)	g2118.t1	96.721	244	6	1	454	1185	1	242	3.38e-154	460
PSF2m:94066-98926(-)	g2118.t1	95.238	21	1	0	1483	1545	345	365	5.28e-04	42.7
PSF2m:94066-98926(-)	g9301.t1	31.650	297	187	9	280	1161	921	1204	9.59e-24	105
PSF2m:94066-98926(-)	g9301.t1	33.195	241	153	6	445	1161	721	955	8.47e-23	103
PSF2m:94066-98926(-)	g9301.t1	30.000	290	192	8	298	1161	1008	1288	1.06e-20	96.7
PSF2m:94066-98926(-)	g9301.t1	30.400	250	160	6	415	1161	677	913	1.62e-17	86.7
PSF2m:94066-98926(-)	g9301.t1	28.000	300	202	8	280	1173	795	1082	1.27e-16	83.6
PSF2m:94066-98926(-)	g9301.t1	27.014	211	145	6	280	906	1086	1289	2.28e-11	66.6
PSF2m:94066-98926(-)	g9301.t1	28.346	127	87	3	280	657	1170	1293	1.27e-06	51.6
PSF2m:94066-98926(-)	g14675.t1	28.522	291	197	7	298	1161	1238	1520	9.45e-20	93.6
PSF2m:94066-98926(-)	g14675.t1	27.344	256	170	9	298	1038	1534	1782	1.22e-18	90.1
PSF2m:94066-98926(-)	g14675.t1	24.756	307	196	9	298	1161	1406	1696	3.59e-12	69.7
PSF2m:94066-98926(-)	g14675.t1	30.488	164	108	4	544	1032	1192	1350	2.54e-11	66.6
PSF2m:94066-98926(-)	g14675.t1	25.000	196	138	6	298	867	1620	1812	2.93e-10	63.5
PSF2m:94066-98926(-)	g3200.t1	26.471	306	207	9	268	1161	1128	1423	5.34e-18	88.2
PSF2m:94066-98926(-)	g3200.t1	27.333	300	153	8	298	1161	1222	1468	6.94e-18	87.8
PSF2m:94066-98926(-)	g3200.t1	31.604	212	133	9	544	1161	1091	1296	3.13e-15	79.3
PSF2m:94066-98926(-)	g3200.t1	28.019	207	141	5	547	1161	966	1166	1.28e-11	67.8
PSF2m:94066-98926(-)	g3200.t1	25.114	219	144	8	280	909	1304	1511	3.72e-08	56.6
PSF2m:94066-98926(-)	g3105.t1	27.039	233	160	7	346	1032	30	256	7.18e-16	81.3
PSF2m:94066-98926(-)	g6780.t1	32.843	204	119	8	577	1161	813	1007	9.67e-16	80.9
PSF2m:94066-98926(-)	g6780.t1	30.476	210	130	8	451	1056	812	1013	6.51e-15	78.2
PSF2m:94066-98926(-)	g6780.t1	27.675	271	171	10	241	993	1094	1359	2.13e-14	76.6
PSF2m:94066-98926(-)	g6780.t1	27.215	316	186	12	298	1146	1021	1325	1.72e-10	63.9
PSF2m:94066-98926(-)	g6780.t1	30.597	134	86	4	670	1068	803	930	4.49e-09	59.3
PSF2m:94066-98926(-)	g6780.t1	26.552	290	189	10	325	1161	815	1091	7.71e-09	58.5
PSF2m:94066-98926(-)	g6780.t1	24.060	266	178	6	298	1038	890	1150	1.37e-06	51.6
PSF2m:94066-98926(-)	g6780.t1	25.352	213	141	9	298	912	1216	1418	0.004	40.4
PSF2m:94066-98926(-)	g7539.t1	25.424	295	189	9	325	1161	2086	2365	1.44e-15	80.5
PSF2m:94066-98926(-)	g7539.t1	29.310	232	142	8	529	1173	1967	2193	2.09e-10	63.9
PSF2m:94066-98926(-)	g7539.t1	28.931	159	96	6	550	990	1706	1859	4.10e-09	59.7
PSF2m:94066-98926(-)	g7539.t1	29.752	121	80	4	670	1032	1705	1820	2.33e-04	44.3
PSF2m:94066-98926(-)	g7539.t1	26.923	130	82	5	670	1032	2540	2665	3.53e-04	43.9
PSF2m:94066-98926(-)	g7539.t2	25.424	295	189	9	325	1161	2087	2366	1.44e-15	80.5
PSF2m:94066-98926(-)	g7539.t2	29.310	232	142	8	529	1173	1968	2194	2.09e-10	63.9
PSF2m:94066-98926(-)	g7539.t2	28.931	159	96	6	550	990	1706	1859	4.10e-09	59.7
PSF2m:94066-98926(-)	g7539.t2	29.752	121	80	4	670	1032	1705	1820	2.33e-04	44.3
PSF2m:94066-98926(-)	g7539.t2	26.923	130	82	5	670	1032	2541	2666	3.53e-04	43.9
PSF2m:94066-98926(-)	g12153.t1	30.870	230	129	6	538	1170	1214	1432	1.20e-14	77.4
PSF2m:94066-98926(-)	g12153.t1	25.081	307	208	8	289	1161	1259	1559	3.57e-13	72.8
PSF2m:94066-98926(-)	g12153.t1	27.303	304	197	10	295	1161	1219	1513	1.24e-12	70.9
PSF2m:94066-98926(-)	g12153.t1	30.588	170	110	6	298	795	1573	1738	5.10e-12	68.9
PSF2m:94066-98926(-)	g12153.t1	28.400	250	162	8	445	1161	1358	1601	2.32e-11	67.0
PSF2m:94066-98926(-)	g12153.t1	25.758	264	181	7	262	1032	1473	1728	2.49e-11	66.6
PSF2m:94066-98926(-)	g12153.t1	23.600	250	149	5	286	1032	1393	1601	3.64e-11	66.2
PSF2m:94066-98926(-)	g11639.t1	31.515	165	108	4	541	1032	43	203	3.88e-14	74.3
PSF2m:94066-98926(-)	g11639.t1	23.077	208	108	7	298	912	48	206	3.11e-04	43.1
PSF2m:94066-98926(-)	g14241.t1	31.148	183	119	5	487	1032	8	184	5.85e-14	74.3
PSF2m:94066-98926(-)	g14241.t1	22.936	218	157	7	298	942	72	281	1.69e-10	63.5
PSF2m:94066-98926(-)	g14241.t1	27.437	277	188	8	340	1161	2	268	3.03e-10	62.8
PSF2m:94066-98926(-)	g14241.t1	24.747	198	131	5	199	765	80	268	4.17e-05	46.2
PSF2m:94066-98926(-)	g367.t1	32.500	160	104	3	556	1032	525	681	6.83e-14	75.1
PSF2m:94066-98926(-)	g367.t1	26.908	249	154	8	481	1161	397	639	5.80e-12	68.9
PSF2m:94066-98926(-)	g367.t1	29.362	235	132	10	418	1044	417	643	8.26e-12	68.2
PSF2m:94066-98926(-)	g367.t1	27.950	161	109	4	298	768	525	682	6.55e-11	65.5
PSF2m:94066-98926(-)	g367.t1	33.714	175	107	6	445	954	529	699	6.04e-10	62.4
PSF2m:94066-98926(-)	g367.t1	27.976	168	95	5	595	1038	394	555	1.38e-09	61.2
PSF2m:94066-98926(-)	g52.t1	31.013	158	104	3	439	909	1405	1558	8.29e-14	74.7
PSF2m:94066-98926(-)	g52.t1	22.096	353	199	10	301	1161	850	1192	1.32e-07	54.7
PSF2m:94066-98926(-)	g52.t1	27.439	164	105	5	490	978	1389	1539	3.55e-07	53.5
PSF2m:94066-98926(-)	g52.t1	22.581	124	93	2	790	1161	842	962	0.004	40.4
PSF2m:94066-98926(-)	g7357.t1	30.047	213	133	6	550	1161	4	209	2.36e-13	69.7
PSF2m:94066-98926(-)	g4213.t1	30.000	220	125	8	538	1161	404	606	2.62e-13	72.4
PSF2m:94066-98926(-)	g10365.t1	31.361	169	111	3	529	1032	578	742	7.70e-13	71.6
PSF2m:94066-98926(-)	g10365.t1	29.078	141	92	4	523	936	137	272	3.03e-08	56.6
PSF2m:94066-98926(-)	g10365.t1	26.446	242	111	11	604	1161	427	657	2.69e-06	50.4
PSF2m:94066-98926(-)	g10365.t1	26.718	131	90	4	445	828	591	718	9.23e-05	45.4
PSF2m:94066-98926(-)	g3270.t1	29.557	203	134	5	562	1161	1126	1322	8.00e-13	71.6
PSF2m:94066-98926(-)	g3270.t1	25.000	268	182	7	262	1032	1197	1456	1.03e-07	55.1
PSF2m:94066-98926(-)	g3270.t1	25.818	275	136	11	331	993	1305	1565	6.58e-05	46.2
PSF2m:94066-98926(-)	g13747.t1	33.562	146	90	4	601	1032	349	489	2.30e-12	69.3
PSF2m:94066-98926(-)	g13747.t1	36.937	111	64	3	445	765	381	489	1.43e-09	60.5
PSF2m:94066-98926(-)	g13747.t1	28.342	187	104	6	520	1032	112	284	2.98e-08	56.2
PSF2m:94066-98926(-)	g13747.t1	29.054	148	92	5	550	969	164	306	3.30e-05	46.6
PSF2m:94066-98926(-)	g14287.t1	28.169	213	146	5	526	1161	142	348	7.22e-12	67.4
PSF2m:94066-98926(-)	g14287.t1	28.655	171	115	5	526	1032	57	222	2.66e-11	65.9
PSF2m:94066-98926(-)	g14287.t1	23.923	209	140	7	298	903	194	390	2.88e-08	56.2
PSF2m:94066-98926(-)	g14287.t1	19.783	369	218	13	139	1056	45	398	6.92e-08	55.1
PSF2m:94066-98926(-)	g11374.t1	27.234	235	133	6	436	1032	1364	1596	9.39e-12	68.2
PSF2m:94066-98926(-)	g11374.t1	32.331	133	79	5	532	903	1195	1325	2.59e-05	47.4
PSF2m:94066-98926(-)	g14208.t1	30.409	171	107	5	550	1032	212	380	2.01e-11	66.6
PSF2m:94066-98926(-)	g14208.t1	26.027	219	125	5	505	1062	126	340	2.43e-11	66.2
PSF2m:94066-98926(-)	g14208.t1	27.586	174	111	7	298	780	214	385	2.39e-10	63.2
PSF2m:94066-98926(-)	g14208.t1	27.381	168	108	5	445	912	218	383	6.61e-08	55.5
PSF2m:94066-98926(-)	g14208.t1	25.221	226	135	8	580	1161	108	331	4.86e-06	49.3
PSF2m:94066-98926(-)	g1336.t1	29.858	211	141	5	535	1161	638	843	7.73e-11	65.1
PSF2m:94066-98926(-)	g1336.t1	33.766	77	48	2	541	768	468	542	1.17e-04	45.1
PSF2m:94066-98926(-)	g1336.t1	40.000	65	36	2	838	1032	480	541	6.64e-04	42.7
PSF2m:94066-98926(-)	g11191.t1	35.577	104	62	3	604	912	3	102	9.64e-11	64.7
PSF2m:94066-98926(-)	g11191.t1	30.000	90	61	2	892	1161	12	99	4.04e-04	43.1
PSF2m:94066-98926(-)	g11191.t1	22.603	146	108	3	724	1161	2	142	0.001	41.6
PSF2m:94066-98926(-)	g3685.t1	31.788	151	96	3	604	1044	63	210	9.83e-11	63.2
PSF2m:94066-98926(-)	g3685.t1	27.746	173	108	5	280	768	129	294	8.63e-05	44.7
PSF2m:94066-98926(-)	g5956.t1	26.154	260	174	12	274	1032	1499	1747	1.01e-10	64.7
PSF2m:94066-98926(-)	g5956.t1	24.000	275	182	9	277	1032	1843	2113	3.65e-07	53.5
PSF2m:94066-98926(-)	g5956.t1	27.670	206	125	9	328	888	1956	2156	1.23e-06	51.6
PSF2m:94066-98926(-)	g8329.t1	32.164	171	106	8	415	909	1106	1272	1.41e-10	64.3
PSF2m:94066-98926(-)	g17653.t1	27.136	199	135	7	454	1032	457	651	2.84e-10	63.5
PSF2m:94066-98926(-)	g17653.t1	27.426	237	155	10	478	1161	380	608	0.001	42.4
PSF2m:94066-98926(-)	g3765.t1	31.724	145	92	3	622	1044	1896	2037	4.45e-10	62.8
PSF2m:94066-98926(-)	g7554.t1	31.724	145	92	3	622	1044	1477	1618	4.78e-10	62.8
PSF2m:94066-98926(-)	g7554.t1	28.221	163	100	5	310	768	1547	1702	6.27e-05	46.2
PSF2m:94066-98926(-)	g1049.t1	27.368	190	132	4	601	1167	244	428	5.45e-10	61.6
PSF2m:94066-98926(-)	g1049.t1	28.049	164	110	5	550	1032	310	468	8.83e-09	57.8
PSF2m:94066-98926(-)	g1049.t1	23.643	258	175	7	310	1032	173	425	5.98e-08	55.1
PSF2m:94066-98926(-)	g1049.t1	30.000	140	90	6	493	903	334	468	1.11e-05	48.1
PSF2m:94066-98926(-)	g4173.t1	22.989	261	182	8	286	1032	249	502	2.35e-09	59.7
PSF2m:94066-98926(-)	g4173.t1	22.581	248	170	10	460	1161	219	458	1.45e-04	44.7
PSF2m:94066-98926(-)	g3242.t1	27.072	181	104	6	601	1065	262	440	2.79e-09	59.7
PSF2m:94066-98926(-)	g3242.t1	26.238	202	100	9	547	1017	289	486	8.41e-04	42.0
PSF2m:94066-98926(-)	g1946.t1	25.510	196	110	7	535	1032	43	232	3.84e-09	59.7
PSF2m:94066-98926(-)	g1946.t1	25.214	234	133	7	445	1044	96	321	6.72e-09	58.9
PSF2m:94066-98926(-)	g1946.t1	23.026	152	78	6	691	1032	12	162	0.003	40.4
PSF2m:94066-98926(-)	g12186.t1	26.339	224	153	7	259	912	197	414	6.85e-09	58.2
PSF2m:94066-98926(-)	g12186.t1	21.739	161	116	6	553	1017	125	281	0.002	40.8
PSF2m:94066-98926(-)	g15816.t1	25.301	166	117	4	421	912	32	192	7.55e-09	57.8
PSF2m:94066-98926(-)	g15816.t1	27.200	125	86	3	658	1032	28	147	1.43e-04	44.3
PSF2m:94066-98926(-)	g15816.t1	29.600	125	83	4	541	912	30	150	2.99e-04	43.1
PSF2m:94066-98926(-)	g13288.t1	30.435	161	104	5	586	1062	80	234	9.02e-09	58.5
PSF2m:94066-98926(-)	g13288.t1	26.415	265	162	8	439	1173	430	681	3.19e-04	43.5
PSF2m:94066-98926(-)	g13288.t1	23.871	155	110	5	574	1032	571	719	0.002	40.8
PSF2m:94066-98926(-)	g17401.t1	24.194	186	129	5	433	978	340	517	1.23e-08	57.8
PSF2m:94066-98926(-)	g17401.t1	25.157	159	96	4	550	972	279	432	2.20e-06	50.4
PSF2m:94066-98926(-)	g17401.t1	23.239	142	94	4	670	1056	278	417	3.98e-05	46.6
PSF2m:94066-98926(-)	g8713.t1	26.744	172	117	5	541	1032	1070	1240	2.46e-08	57.0
PSF2m:94066-98926(-)	g15440.t1	31.429	175	98	8	550	1032	12	178	2.63e-08	57.0
PSF2m:94066-98926(-)	g15440.t1	29.008	131	81	5	670	1032	11	139	5.93e-04	42.7
PSF2m:94066-98926(-)	g15440.t1	25.926	135	89	4	421	807	148	277	0.008	39.3
PSF2m:94066-98926(-)	g3008.t1	32.787	122	75	4	670	1032	204	319	3.16e-08	56.2
PSF2m:94066-98926(-)	g3008.t1	25.701	214	109	8	511	1014	188	397	1.15e-07	54.3
PSF2m:94066-98926(-)	g4138.t1	24.299	321	217	10	259	1173	437	747	3.58e-08	56.6
PSF2m:94066-98926(-)	g4138.t1	28.261	138	95	2	544	957	664	797	1.17e-06	51.6
PSF2m:94066-98926(-)	g16580.t1	28.025	157	109	3	715	1179	71	225	8.60e-08	54.3
PSF2m:94066-98926(-)	g16580.t1	28.492	179	119	7	547	1068	101	275	4.44e-07	52.0
PSF2m:94066-98926(-)	g9315.t1	24.922	321	204	10	265	1173	1556	1857	8.90e-08	55.5
PSF2m:94066-98926(-)	g12558.t1	35.185	108	63	3	667	978	4	108	1.74e-07	51.6
PSF2m:94066-98926(-)	g5897.t1	42.647	68	31	1	889	1068	1	68	2.06e-07	54.3
PSF2m:94066-98926(-)	g4549.t1	30.935	139	80	5	670	1044	232	368	4.48e-07	52.8
PSF2m:94066-98926(-)	g1715.t1	23.786	206	114	6	454	1032	3	178	4.99e-07	52.8
PSF2m:94066-98926(-)	g5376.t1	28.870	239	141	13	337	1032	116	332	7.10e-07	51.2
PSF2m:94066-98926(-)	g6713.t1	33.735	83	53	1	811	1059	111	191	7.36e-07	52.4
PSF2m:94066-98926(-)	g6369.t1	25.333	300	190	12	106	954	159	441	8.72e-07	51.6
PSF2m:94066-98926(-)	g6369.t1	26.425	193	117	8	517	1062	203	381	2.62e-05	47.0
PSF2m:94066-98926(-)	g8645.t1	26.512	215	141	8	454	1065	2033	2241	2.08e-06	50.8
PSF2m:94066-98926(-)	g8645.t1	27.374	179	117	7	301	804	2068	2244	6.19e-04	42.7
PSF2m:94066-98926(-)	g5010.t1	31.724	145	88	5	403	810	70	212	2.20e-06	50.4
PSF2m:94066-98926(-)	g14152.t1	27.564	156	105	6	319	774	1946	2097	2.97e-06	50.4
PSF2m:94066-98926(-)	g9127.t1	36.364	77	46	3	547	768	1077	1153	3.30e-06	50.4
PSF2m:94066-98926(-)	g9127.t1	30.337	89	59	2	802	1065	1077	1163	0.002	41.2
PSF2m:94066-98926(-)	g14149.t1	27.564	156	105	6	319	774	527	678	3.72e-06	50.1
PSF2m:94066-98926(-)	g2157.t1	25.000	264	165	10	298	1029	107	357	3.89e-06	49.3
PSF2m:94066-98926(-)	g2157.t1	25.000	192	136	5	475	1044	38	223	4.72e-06	48.9
PSF2m:94066-98926(-)	g17389.t1	25.543	184	90	5	559	981	395	574	4.75e-06	49.7
PSF2m:94066-98926(-)	g17389.t1	25.000	212	148	7	421	1032	475	683	4.79e-06	49.7
PSF2m:94066-98926(-)	g14148.t1	27.564	156	105	6	319	774	591	742	4.80e-06	49.7
PSF2m:94066-98926(-)	g5031.t1	36.957	92	53	3	706	981	32	118	5.11e-06	49.3
PSF2m:94066-98926(-)	g5031.t1	28.889	90	63	1	448	714	28	117	0.003	40.4
PSF2m:94066-98926(-)	g14136.t1	26.429	140	92	6	604	1011	202	334	1.28e-05	47.8
PSF2m:94066-98926(-)	g14136.t1	20.635	252	179	7	400	1146	61	294	4.01e-04	43.1
PSF2m:94066-98926(-)	g10577.t1	23.661	224	140	9	313	909	1652	1869	1.37e-05	48.1
PSF2m:94066-98926(-)	g17695.t1	26.667	165	119	2	541	1032	58	221	1.65e-05	47.0
PSF2m:94066-98926(-)	g17330.t1	27.128	188	118	8	520	1044	169	350	1.70e-05	47.4
PSF2m:94066-98926(-)	g17330.t1	23.913	184	116	7	544	1032	223	403	0.001	41.6
PSF2m:94066-98926(-)	g17330.t1	36.364	77	41	3	856	1065	192	267	0.004	40.0
PSF2m:94066-98926(-)	g7675.t1	34.831	89	49	5	514	765	192	276	2.97e-05	46.6
PSF2m:94066-98926(-)	g6630.t1	26.437	174	108	4	595	1065	31	201	4.76e-05	45.8
PSF2m:94066-98926(-)	g4953.t1	30.159	126	79	5	691	1056	1056	1176	5.33e-05	46.2
PSF2m:94066-98926(-)	g4953.t1	32.967	91	60	1	514	783	1080	1170	1.34e-04	45.1
PSF2m:94066-98926(-)	g16032.t1	30.252	119	76	2	670	1008	7	124	5.72e-05	45.8
PSF2m:94066-98926(-)	g6679.t1	26.432	227	144	9	412	1032	571	794	5.84e-05	46.2
PSF2m:94066-98926(-)	g12787.t1	28.704	108	73	3	325	645	167	271	7.17e-05	45.1
PSF2m:94066-98926(-)	g12787.t1	27.465	142	97	4	490	909	178	315	0.004	39.3
PSF2m:94066-98926(-)	g12787.t1	30.275	109	71	3	706	1032	167	270	0.007	38.9
PSF2m:94066-98926(-)	g2138.t1	25.000	204	140	7	445	1032	357	555	7.46e-05	45.8
PSF2m:94066-98926(-)	g3525.t1	27.966	118	72	3	718	1044	123	236	8.55e-05	45.1
PSF2m:94066-98926(-)	g3525.t1	25.000	164	112	5	568	1032	289	450	0.007	39.3
PSF2m:94066-98926(-)	g3525.t1	23.891	293	155	13	328	1032	121	403	0.008	38.9
PSF2m:94066-98926(-)	g13355.t1	21.222	311	196	9	238	1041	253	557	1.54e-04	44.7
PSF2m:94066-98926(-)	g13355.t1	26.712	146	103	3	724	1161	748	889	0.002	41.2
PSF2m:94066-98926(-)	g1555.t1	31.183	93	60	2	679	957	247	335	1.76e-04	44.3
PSF2m:94066-98926(-)	g9373.t1	23.894	113	84	2	436	771	185	296	2.72e-04	43.1
PSF2m:94066-98926(-)	g13452.t1	25.625	160	108	8	562	1032	347	498	3.75e-04	43.1
PSF2m:94066-98926(-)	g13452.t1	25.581	129	87	4	544	918	296	419	0.001	41.2
PSF2m:94066-98926(-)	g8133.t1	29.496	139	79	5	658	1032	1460	1593	3.92e-04	43.5
PSF2m:94066-98926(-)	g8133.t1	45.238	42	23	0	853	978	1781	1822	0.003	40.8
PSF2m:94066-98926(-)	g8133.t1	23.622	254	140	9	427	1032	1768	2019	0.007	39.3
PSF2m:94066-98926(-)	g7551.t1	25.157	159	93	4	310	768	1036	1174	4.70e-04	43.1
PSF2m:94066-98926(-)	g9176.t1	28.261	184	112	7	298	801	718	897	5.62e-04	42.7
PSF2m:94066-98926(-)	g9176.t1	30.769	65	45	0	838	1032	614	678	0.002	41.2
PSF2m:94066-98926(-)	g9176.t1	25.949	158	85	5	574	969	613	764	0.006	39.7
PSF2m:94066-98926(-)	g17313.t1	20.710	169	112	7	580	1032	15	179	7.48e-04	42.4
PSF2m:94066-98926(-)	g5840.t1	24.265	136	66	3	724	1032	1537	1668	0.001	42.4
PSF2m:94066-98926(-)	g16772.t1	29.114	158	100	6	700	1161	167	316	0.001	41.6
PSF2m:94066-98926(-)	g3459.t1	25.641	195	118	9	292	828	116	299	0.001	41.2
PSF2m:94066-98926(-)	g3459.t1	33.721	86	55	2	538	792	71	155	0.005	39.3
PSF2m:94066-98926(-)	g666.t1	30.189	106	63	3	865	1161	188	289	0.002	41.2
PSF2m:94066-98926(-)	g4791.t1	29.524	105	64	3	556	840	21	125	0.002	41.2
PSF2m:94066-98926(-)	g560.t1	27.344	128	81	5	595	954	431	554	0.002	41.2
PSF2m:94066-98926(-)	g17652.t1	28.571	147	91	6	604	1032	255	391	0.002	40.8
PSF2m:94066-98926(-)	g6172.t1	28.319	113	77	3	448	774	703	815	0.002	40.8
PSF2m:94066-98926(-)	g4313.t1	20.588	170	126	4	532	1041	50	210	0.003	40.8
PSF2m:94066-98926(-)	g7865.t1	32.692	104	62	5	709	1002	1055	1156	0.003	40.8
PSF2m:94066-98926(-)	g13128.t1	27.273	121	83	3	670	1032	836	951	0.003	40.8
PSF2m:94066-98926(-)	g12237.t1	20.312	256	179	5	298	1032	339	580	0.004	40.0
PSF2m:94066-98926(-)	g7220.t1	28.571	77	46	2	793	1002	35	109	0.004	39.7
PSF2m:94066-98926(-)	g1304.t1	29.412	119	69	3	727	1044	473	589	0.005	39.7
PSF2m:94066-98926(-)	g8480.t1	27.692	130	84	5	421	783	222	350	0.005	40.0
PSF2m:94066-98926(-)	g4351.t1	28.873	142	94	5	406	822	17	154	0.005	39.7
PSF2m:94066-98926(-)	g6050.t1	20.000	190	122	5	526	1014	865	1051	0.005	39.7
PSF2m:94066-98926(-)	g17004.t1	26.446	121	84	2	556	918	58	173	0.007	38.9
PSF2m:94066-98926(-)	g9529.t1	27.344	128	85	5	538	909	627	750	0.009	39.3
PSF2m:94066-98926(-)	g12105.t1	20.430	186	123	6	523	1041	158	331	0.009	38.9
PSF2m:94066-98926(-)	g15739.t1	23.179	151	110	6	601	1041	152	300	0.010	38.5
PTC1m:66674-76078(-)	g2105.t1	93.342	811	48	3	1	2418	1	810	0.0	1353
RFC4m:83197-86315(-)	g2106.t1	92.424	264	20	0	199	990	1	264	1.67e-151	431
RFC4m:83197-86315(-)	g17397.t1	49.784	231	108	3	13	705	30	252	7.27e-73	233
RFC4m:83197-86315(-)	g10514.t1	44.872	234	122	4	13	714	24	250	6.12e-60	199
RFC4m:83197-86315(-)	g3831.t1	30.342	234	132	3	16	633	4	234	8.31e-31	120
RFC4m:83197-86315(-)	g17286.t1	28.800	250	130	9	10	633	546	789	1.84e-14	74.7
RFC4m:83197-86315(-)	g5955.t1	27.059	170	79	7	46	456	586	743	0.004	39.3
RFC4m:83197-86315(-)	g10826.t1	71.429	21	6	0	115	177	354	374	0.006	38.5
SPL2m:320641-323188(-)	g2123.t1	95.928	221	9	0	1	663	1	221	5.38e-118	344
SPP1Cm:52718-58754(-)	g4538.t1	49.621	528	229	11	91	1623	32	539	1.56e-82	278
SPP1Cm:52718-58754(-)	g13175.t1	48.276	87	44	1	1336	1596	423	508	7.68e-07	52.4
SPS1m:47523-50742(+)	g2108.t1	96.508	315	11	0	1	945	1	315	0.0	605
SPS1m:47523-50742(+)	g7244.t1	35.000	200	117	4	61	630	33	229	4.10e-23	97.4
TOC34m:120019-123826(+)	g2111.t1	93.114	334	23	0	193	1194	66	399	0.0	601
TOC34m:120019-123826(+)	g8092.t1	32.039	206	111	7	325	906	339	527	1.04e-10	63.9
TOC34m:120019-123826(+)	g3584.t1	25.137	183	109	5	403	879	380	558	1.47e-05	47.4
UBCH1m:247051-250463(+)	g2130.t1	88.889	315	34	1	1	945	1	314	0.0	541
UBCH1m:247051-250463(+)	g5063.t1	26.971	241	146	9	4	660	6	238	9.46e-11	61.2
UTP1m:332078-336649(-)	g2138.t1	93.980	897	51	2	199	2889	1	894	0.0	1446
UTP1m:332078-336649(-)	g9301.t1	31.707	328	198	7	1141	2067	719	1039	3.66e-30	129
UTP1m:332078-336649(-)	g9301.t1	32.258	310	178	7	1141	2067	971	1249	5.34e-30	129
UTP1m:332078-336649(-)	g9301.t1	30.293	307	187	5	1147	2067	1012	1291	1.20e-28	124
UTP1m:332078-336649(-)	g9301.t1	30.323	310	184	8	1228	2151	706	985	1.13e-27	121
UTP1m:332078-336649(-)	g9301.t1	33.028	218	140	3	1258	1911	1090	1301	4.99e-26	115
UTP1m:332078-336649(-)	g9301.t1	35.885	209	131	3	1147	1773	1096	1301	3.18e-24	110
UTP1m:332078-336649(-)	g9301.t1	39.286	112	67	1	1144	1479	1179	1289	3.16e-13	74.3
UTP1m:332078-336649(-)	g9301.t1	30.542	203	100	12	55	612	852	1030	7.69e-04	43.9
UTP1m:332078-336649(-)	g14675.t1	28.803	309	190	5	1213	2067	1221	1523	5.09e-27	119
UTP1m:332078-336649(-)	g14675.t1	28.797	316	189	7	1213	2067	1389	1699	3.66e-26	116
UTP1m:332078-336649(-)	g14675.t1	27.358	318	206	5	1123	2064	1444	1740	2.32e-24	110
UTP1m:332078-336649(-)	g14675.t1	31.982	222	145	3	1246	1911	1190	1405	1.06e-22	105
UTP1m:332078-336649(-)	g14675.t1	31.325	249	156	6	1123	1842	1572	1814	4.22e-22	103
UTP1m:332078-336649(-)	g14675.t1	27.468	233	143	4	1369	2067	1189	1395	1.97e-18	91.7
UTP1m:332078-336649(-)	g14675.t1	29.560	159	73	8	160	579	1624	1762	0.001	43.5
UTP1m:332078-336649(-)	g3200.t1	33.013	312	171	11	1219	2067	1039	1341	1.83e-23	107
UTP1m:332078-336649(-)	g3200.t1	27.119	354	184	8	1213	2064	1121	1470	2.90e-20	97.4
UTP1m:332078-336649(-)	g3200.t1	31.923	260	164	8	1144	1905	1271	1523	9.23e-18	89.4
UTP1m:332078-336649(-)	g3200.t1	27.407	270	186	6	1111	1911	917	1179	4.61e-16	84.0
UTP1m:332078-336649(-)	g3200.t1	29.545	220	143	5	1261	1905	1267	1479	1.80e-13	75.5
UTP1m:332078-336649(-)	g3200.t1	29.670	273	161	8	1261	2067	924	1169	3.46e-13	74.3
UTP1m:332078-336649(-)	g3200.t1	29.870	154	96	5	160	612	1057	1201	2.58e-05	48.5
UTP1m:332078-336649(-)	g3200.t1	30.286	175	103	8	115	612	1126	1290	1.70e-04	45.8
UTP1m:332078-336649(-)	g3200.t1	30.303	165	89	5	1633	2058	920	1081	0.002	42.4
UTP1m:332078-336649(-)	g14241.t1	30.653	199	129	4	1147	1734	76	268	2.19e-20	96.3
UTP1m:332078-336649(-)	g14241.t1	26.667	240	170	3	1213	1932	13	246	4.47e-19	92.0
UTP1m:332078-336649(-)	g14241.t1	30.968	155	105	2	1183	1647	129	281	3.66e-13	73.2
UTP1m:332078-336649(-)	g14241.t1	29.500	200	124	5	1309	1893	4	191	2.64e-10	64.3
UTP1m:332078-336649(-)	g14241.t1	27.869	122	71	5	160	507	76	186	0.005	40.8
UTP1m:332078-336649(-)	g12153.t1	25.754	431	218	11	1228	2349	1210	1595	1.11e-19	95.5
UTP1m:332078-336649(-)	g12153.t1	34.906	212	129	4	1264	1893	1531	1735	1.84e-19	95.1
UTP1m:332078-336649(-)	g12153.t1	30.515	272	163	10	1147	1920	1358	1617	1.55e-17	88.6
UTP1m:332078-336649(-)	g12153.t1	30.151	199	133	5	1147	1737	1535	1729	5.36e-15	80.5
UTP1m:332078-336649(-)	g12153.t1	34.483	145	70	8	178	579	1495	1625	2.91e-07	55.1
UTP1m:332078-336649(-)	g12153.t1	23.596	178	133	3	1147	1680	1577	1751	6.87e-06	50.4
UTP1m:332078-336649(-)	g11639.t1	29.694	229	145	4	1240	1911	42	259	1.25e-19	92.4
UTP1m:332078-336649(-)	g11639.t1	30.516	213	141	6	1108	1737	39	247	6.44e-17	84.3
UTP1m:332078-336649(-)	g11639.t1	40.404	99	55	1	1624	1920	40	134	4.42e-09	60.1
UTP1m:332078-336649(-)	g11639.t1	30.088	113	67	5	283	612	52	155	0.003	41.2
UTP1m:332078-336649(-)	g1049.t1	30.837	227	153	4	1057	1734	245	468	1.39e-19	93.6
UTP1m:332078-336649(-)	g1049.t1	32.867	143	93	3	1312	1740	245	384	9.79e-12	68.6
UTP1m:332078-336649(-)	g1049.t1	26.596	188	115	5	1399	1911	172	353	2.54e-06	51.2
UTP1m:332078-336649(-)	g1049.t1	33.333	117	71	3	1528	1875	273	383	7.44e-05	46.6
UTP1m:332078-336649(-)	g6780.t1	29.258	229	147	4	1258	1923	846	1066	2.60e-18	90.9
UTP1m:332078-336649(-)	g6780.t1	24.359	390	264	10	1219	2361	875	1242	2.21e-16	84.7
UTP1m:332078-336649(-)	g6780.t1	23.913	460	236	14	1021	2094	894	1341	5.83e-12	70.5
UTP1m:332078-336649(-)	g6780.t1	26.354	277	175	7	1234	2061	1168	1416	1.23e-10	65.9
UTP1m:332078-336649(-)	g6780.t1	25.869	259	110	6	1375	2124	801	986	2.33e-09	61.6
UTP1m:332078-336649(-)	g6780.t1	26.104	249	172	5	1009	1737	1174	1416	1.34e-08	59.3
UTP1m:332078-336649(-)	g6780.t1	30.709	127	69	6	154	510	1176	1291	0.005	41.2
UTP1m:332078-336649(-)	g6780.t1	27.206	136	82	5	178	555	816	944	0.005	40.8
UTP1m:332078-336649(-)	g1336.t1	32.039	206	132	4	1264	1875	645	844	3.96e-18	90.1
UTP1m:332078-336649(-)	g1336.t1	31.429	175	116	3	1219	1737	672	844	2.75e-16	84.3
UTP1m:332078-336649(-)	g1336.t1	30.769	143	93	3	1069	1482	704	845	7.06e-09	60.1
UTP1m:332078-336649(-)	g1336.t1	23.824	319	165	8	1261	2070	472	761	1.06e-08	59.7
UTP1m:332078-336649(-)	g14287.t1	26.820	261	168	6	985	1734	142	390	8.58e-18	87.4
UTP1m:332078-336649(-)	g14287.t1	25.185	270	194	5	1114	1920	102	364	3.89e-17	85.1
UTP1m:332078-336649(-)	g14287.t1	27.895	190	131	3	1351	1917	53	237	1.79e-16	83.2
UTP1m:332078-336649(-)	g7357.t1	29.843	191	125	3	1189	1740	23	211	1.20e-17	84.3
UTP1m:332078-336649(-)	g7357.t1	29.670	182	114	4	1375	1908	1	172	1.89e-17	84.0
UTP1m:332078-336649(-)	g7357.t1	28.846	208	143	3	1258	1872	4	209	2.38e-16	80.5
UTP1m:332078-336649(-)	g7357.t1	29.730	111	66	2	1597	1917	31	133	6.36e-08	54.3
UTP1m:332078-336649(-)	g7357.t1	24.503	151	90	2	1639	2091	3	129	2.85e-05	46.6
UTP1m:332078-336649(-)	g7357.t1	30.488	82	50	1	1261	1485	131	212	3.67e-05	46.2
UTP1m:332078-336649(-)	g4213.t1	30.952	210	131	4	1258	1875	324	523	1.39e-17	87.8
UTP1m:332078-336649(-)	g4213.t1	24.786	234	170	3	1219	1920	353	580	1.34e-14	78.2
UTP1m:332078-336649(-)	g4213.t1	25.751	233	168	4	1039	1734	378	606	1.88e-12	71.2
UTP1m:332078-336649(-)	g4138.t1	25.118	422	230	12	1063	2163	426	816	2.95e-17	87.4
UTP1m:332078-336649(-)	g4138.t1	28.333	240	162	5	1207	1911	390	624	7.52e-11	66.6
UTP1m:332078-336649(-)	g4138.t1	24.516	310	199	9	1258	2163	365	647	1.25e-09	62.8
UTP1m:332078-336649(-)	g4138.t1	28.796	191	126	4	1348	1899	353	540	1.18e-08	59.3
UTP1m:332078-336649(-)	g4138.t1	30.636	173	82	6	976	1485	1039	1176	1.95e-06	52.4
UTP1m:332078-336649(-)	g4138.t1	26.667	105	77	0	1264	1578	1145	1249	0.004	41.2
UTP1m:332078-336649(-)	g17695.t1	27.778	306	185	11	1198	2076	36	318	2.03e-16	81.6
UTP1m:332078-336649(-)	g17695.t1	23.431	239	152	6	1378	2070	10	225	1.13e-06	52.0
UTP1m:332078-336649(-)	g17695.t1	23.387	124	81	2	160	507	197	314	4.82e-04	43.5
UTP1m:332078-336649(-)	g367.t1	27.564	312	177	8	1264	2136	422	705	6.53e-15	80.1
UTP1m:332078-336649(-)	g367.t1	26.939	245	130	4	1246	1971	519	717	3.37e-12	71.2
UTP1m:332078-336649(-)	g17401.t1	24.841	314	160	7	1273	2067	343	629	7.49e-15	79.0
UTP1m:332078-336649(-)	g17401.t1	27.059	255	170	6	1000	1734	337	585	1.07e-10	65.9
UTP1m:332078-336649(-)	g17401.t1	26.154	195	108	5	1636	2181	277	448	5.62e-05	47.0
UTP1m:332078-336649(-)	g17401.t1	27.007	137	82	4	1375	1737	276	410	7.02e-05	47.0
UTP1m:332078-336649(-)	g52.t1	26.888	331	191	9	1258	2115	847	1171	1.09e-14	79.3
UTP1m:332078-336649(-)	g52.t1	30.675	163	110	3	1252	1740	1399	1558	5.60e-14	77.0
UTP1m:332078-336649(-)	g52.t1	27.019	322	191	9	1219	2124	961	1258	1.15e-13	75.9
UTP1m:332078-336649(-)	g52.t1	34.118	170	103	5	1369	1872	842	1004	1.67e-13	75.5
UTP1m:332078-336649(-)	g52.t1	30.047	213	136	6	1123	1737	1031	1238	4.10e-09	60.8
UTP1m:332078-336649(-)	g2157.t1	26.636	214	149	5	1246	1875	58	267	2.66e-14	75.9
UTP1m:332078-336649(-)	g2157.t1	26.357	258	169	8	1144	1875	67	317	3.98e-14	75.5
UTP1m:332078-336649(-)	g2157.t1	28.729	181	115	6	1219	1725	177	355	5.90e-10	62.4
UTP1m:332078-336649(-)	g2157.t1	33.735	83	52	1	1639	1887	61	140	2.58e-05	47.8
UTP1m:332078-336649(-)	g7539.t1	25.271	277	142	5	1258	1911	1974	2244	4.50e-14	77.4
UTP1m:332078-336649(-)	g7539.t1	26.370	292	158	8	1147	1872	2081	2365	8.70e-14	76.6
UTP1m:332078-336649(-)	g7539.t1	36.719	128	63	3	1390	1734	2543	2665	3.81e-09	61.2
UTP1m:332078-336649(-)	g7539.t1	27.490	251	150	8	1213	1872	2228	2477	1.85e-07	55.8
UTP1m:332078-336649(-)	g7539.t1	25.628	199	105	7	1258	1734	1706	1901	3.76e-06	51.6
UTP1m:332078-336649(-)	g7539.t1	30.822	146	75	4	1639	2058	2540	2665	4.13e-05	48.1
UTP1m:332078-336649(-)	g7539.t1	23.828	256	130	7	1153	1740	1756	2006	5.19e-05	47.8
UTP1m:332078-336649(-)	g7539.t1	34.247	73	48	0	1258	1476	2593	2665	1.17e-04	46.6
UTP1m:332078-336649(-)	g7539.t1	23.077	325	146	11	1204	2058	1560	1820	1.45e-04	46.2
UTP1m:332078-336649(-)	g7539.t2	25.271	277	142	5	1258	1911	1975	2245	4.50e-14	77.4
UTP1m:332078-336649(-)	g7539.t2	26.370	292	158	8	1147	1872	2082	2366	8.70e-14	76.6
UTP1m:332078-336649(-)	g7539.t2	36.719	128	63	3	1390	1734	2544	2666	3.81e-09	61.2
UTP1m:332078-336649(-)	g7539.t2	27.490	251	150	8	1213	1872	2229	2478	1.85e-07	55.8
UTP1m:332078-336649(-)	g7539.t2	25.500	200	105	7	1258	1734	1706	1902	4.93e-06	51.2
UTP1m:332078-336649(-)	g7539.t2	30.822	146	75	4	1639	2058	2541	2666	4.13e-05	48.1
UTP1m:332078-336649(-)	g7539.t2	23.735	257	130	7	1153	1740	1756	2007	6.80e-05	47.4
UTP1m:332078-336649(-)	g7539.t2	34.247	73	48	0	1258	1476	2594	2666	1.17e-04	46.6
UTP1m:332078-336649(-)	g7539.t2	23.077	325	146	11	1204	2058	1560	1820	1.45e-04	46.2
UTP1m:332078-336649(-)	g5956.t1	26.810	373	188	12	1219	2166	1664	2008	2.13e-13	75.1
UTP1m:332078-336649(-)	g5956.t1	31.163	215	140	4	1288	1929	1558	1765	8.68e-13	73.2
UTP1m:332078-336649(-)	g5956.t1	29.057	265	126	8	1135	1875	1946	2166	3.44e-11	67.8
UTP1m:332078-336649(-)	g5956.t1	26.222	225	136	6	1264	1872	1850	2066	2.42e-07	55.5
UTP1m:332078-336649(-)	g5956.t1	29.577	142	75	3	1636	2058	1503	1620	2.65e-05	48.5
UTP1m:332078-336649(-)	g5956.t1	25.676	222	98	4	1366	2028	1499	1654	4.37e-04	44.7
UTP1m:332078-336649(-)	g16772.t1	24.893	233	167	4	1057	1743	176	404	2.44e-13	73.6
UTP1m:332078-336649(-)	g16772.t1	28.440	109	68	3	1561	1872	168	271	2.36e-05	48.1
UTP1m:332078-336649(-)	g3008.t1	25.769	260	165	6	1261	2037	206	438	4.12e-13	73.2
UTP1m:332078-336649(-)	g3008.t1	24.597	248	169	7	1147	1875	211	445	4.98e-10	63.2
UTP1m:332078-336649(-)	g3008.t1	20.818	269	201	7	1123	1911	245	507	1.11e-05	49.3
UTP1m:332078-336649(-)	g3270.t1	28.519	270	164	6	1147	1911	1171	1426	4.98e-13	73.9
UTP1m:332078-336649(-)	g3270.t1	31.481	216	121	7	1261	1875	1166	1365	1.22e-11	69.3
UTP1m:332078-336649(-)	g3270.t1	29.493	217	143	6	1228	1872	1029	1237	5.95e-11	67.0
UTP1m:332078-336649(-)	g3270.t1	23.711	291	142	6	1285	2073	1131	1369	3.01e-08	58.2
UTP1m:332078-336649(-)	g3270.t1	24.928	349	202	10	1108	2049	1327	1650	4.40e-07	54.3
UTP1m:332078-336649(-)	g5376.t1	28.507	221	142	7	1213	1875	88	292	1.38e-12	70.1
UTP1m:332078-336649(-)	g5376.t1	29.319	191	110	6	1318	1872	161	332	1.07e-08	58.2
UTP1m:332078-336649(-)	g5376.t1	36.752	117	64	5	1390	1737	25	132	4.18e-07	53.1
UTP1m:332078-336649(-)	g5376.t1	29.464	112	70	4	1543	1878	31	133	0.002	42.0
UTP1m:332078-336649(-)	g12186.t1	24.615	325	203	8	1120	2064	121	413	2.03e-12	70.5
UTP1m:332078-336649(-)	g9529.t1	26.426	333	183	11	1228	2073	623	944	6.73e-12	70.1
UTP1m:332078-336649(-)	g9529.t1	27.964	329	200	13	1153	2076	681	993	3.51e-07	54.7
UTP1m:332078-336649(-)	g8713.t1	25.081	307	168	7	1276	2067	910	1197	7.84e-12	70.1
UTP1m:332078-336649(-)	g8713.t1	28.061	196	130	7	1186	1740	1047	1242	1.98e-09	62.0
UTP1m:332078-336649(-)	g8713.t1	28.346	254	146	8	1135	1815	1351	1595	1.98e-05	48.9
UTP1m:332078-336649(-)	g8713.t1	26.776	183	123	6	1351	1875	1062	1241	5.45e-05	47.8
UTP1m:332078-336649(-)	g8713.t1	39.785	93	51	2	1630	1905	899	987	6.34e-05	47.4
UTP1m:332078-336649(-)	g3105.t1	25.969	258	178	9	982	1734	5	256	1.59e-11	68.6
UTP1m:332078-336649(-)	g3105.t1	20.475	337	242	7	1141	2145	16	328	1.22e-10	65.9
UTP1m:332078-336649(-)	g11191.t1	25.843	178	130	2	1207	1740	10	185	1.70e-11	68.6
UTP1m:332078-336649(-)	g11191.t1	24.227	194	139	5	1309	1884	2	189	1.03e-09	62.8
UTP1m:332078-336649(-)	g11191.t1	33.636	110	68	2	1564	1893	2	106	2.47e-08	58.2
UTP1m:332078-336649(-)	g11374.t1	31.613	155	91	4	1312	1737	1445	1597	3.05e-11	68.2
UTP1m:332078-336649(-)	g11374.t1	26.481	287	162	6	1153	1872	1041	1325	2.46e-06	52.0
UTP1m:332078-336649(-)	g11374.t1	25.352	284	148	8	1195	1875	1224	1500	9.91e-05	46.6
UTP1m:332078-336649(-)	g11374.t1	27.551	196	110	4	1369	1872	985	1176	1.27e-04	46.2
UTP1m:332078-336649(-)	g11374.t1	30.894	123	78	1	1573	1920	1446	1568	3.77e-04	44.7
UTP1m:332078-336649(-)	g11374.t1	37.500	80	48	2	1246	1479	1518	1597	0.002	42.7
UTP1m:332078-336649(-)	g7614.t1	25.342	292	205	8	1024	1887	846	1128	6.20e-11	67.0
UTP1m:332078-336649(-)	g7614.t1	27.679	224	153	4	1291	1950	408	626	7.99e-11	66.6
UTP1m:332078-336649(-)	g7614.t1	27.138	269	142	8	1216	1872	423	687	1.18e-09	62.8
UTP1m:332078-336649(-)	g7614.t1	21.610	236	158	4	1381	2082	879	1089	4.56e-05	47.8
UTP1m:332078-336649(-)	g7614.t1	27.049	244	158	5	1207	1890	506	745	5.54e-04	44.3
UTP1m:332078-336649(-)	g1946.t1	24.038	208	124	5	1210	1740	74	278	6.76e-11	66.6
UTP1m:332078-336649(-)	g1946.t1	21.053	342	209	8	1117	2109	2	293	6.71e-09	60.1
UTP1m:332078-336649(-)	g8133.t1	30.070	143	96	1	1111	1527	1215	1357	1.11e-10	66.2
UTP1m:332078-336649(-)	g8133.t1	28.185	259	128	6	1258	1875	1767	2020	1.37e-10	65.9
UTP1m:332078-336649(-)	g8133.t1	34.737	95	56	2	1597	1875	1504	1594	4.64e-07	54.3
UTP1m:332078-336649(-)	g8133.t1	30.928	97	59	2	1594	1872	1248	1340	0.004	41.6
UTP1m:332078-336649(-)	g8133.t1	28.571	91	63	1	1213	1479	1504	1594	0.005	41.2
UTP1m:332078-336649(-)	g14149.t1	35.115	131	79	3	1528	1920	523	647	2.89e-10	64.7
UTP1m:332078-336649(-)	g14149.t1	28.319	113	80	1	1144	1482	523	634	1.66e-06	52.4
UTP1m:332078-336649(-)	g14149.t1	24.490	147	108	3	1270	1710	522	665	0.008	40.4
UTP1m:332078-336649(-)	g14148.t1	35.115	131	79	3	1528	1920	587	711	2.97e-10	64.7
UTP1m:332078-336649(-)	g14148.t1	28.319	113	80	1	1144	1482	587	698	1.52e-06	52.4
UTP1m:332078-336649(-)	g14148.t1	24.490	147	108	3	1270	1710	586	729	0.009	40.0
UTP1m:332078-336649(-)	g5840.t1	29.817	218	111	6	1144	1740	1228	1422	3.18e-10	64.7
UTP1m:332078-336649(-)	g5840.t1	25.000	356	183	8	1213	2067	1547	1889	8.26e-06	50.1
UTP1m:332078-336649(-)	g13747.t1	21.751	354	211	7	1141	2079	126	454	6.17e-10	62.8
UTP1m:332078-336649(-)	g13747.t1	26.846	298	168	10	1156	1920	173	463	6.27e-10	62.8
UTP1m:332078-336649(-)	g13747.t1	36.458	96	57	1	1624	1911	116	207	1.29e-09	62.0
UTP1m:332078-336649(-)	g13747.t1	25.532	188	91	3	1312	1872	350	489	1.94e-08	58.2
UTP1m:332078-336649(-)	g13747.t1	28.042	189	120	5	1369	1911	117	297	7.48e-08	56.2
UTP1m:332078-336649(-)	g4173.t1	28.155	206	137	6	1261	1863	208	407	6.32e-10	62.8
UTP1m:332078-336649(-)	g4173.t1	23.490	149	107	3	1309	1737	312	459	3.58e-06	50.8
UTP1m:332078-336649(-)	g14152.t1	34.351	131	80	3	1528	1920	1942	2066	6.54e-10	63.5
UTP1m:332078-336649(-)	g14152.t1	27.933	179	125	4	1144	1677	1942	2117	5.31e-07	54.3
UTP1m:332078-336649(-)	g14152.t1	25.170	147	107	3	1270	1710	1941	2084	0.003	41.6
UTP1m:332078-336649(-)	g10365.t1	31.875	160	104	4	1261	1734	586	742	1.38e-09	62.4
UTP1m:332078-336649(-)	g10365.t1	34.058	138	84	4	1234	1632	134	269	1.46e-08	59.3
UTP1m:332078-336649(-)	g10365.t1	23.200	250	142	5	1306	1920	471	715	1.74e-07	55.8
UTP1m:332078-336649(-)	g10365.t1	30.894	123	79	3	1540	1905	155	272	8.18e-05	47.0
UTP1m:332078-336649(-)	g12237.t1	25.984	254	176	7	1138	1887	340	585	1.88e-09	61.6
UTP1m:332078-336649(-)	g12237.t1	25.481	208	143	6	1264	1875	424	623	2.23e-09	61.6
UTP1m:332078-336649(-)	g13355.t1	21.008	238	181	3	1162	1875	281	511	2.18e-09	62.0
UTP1m:332078-336649(-)	g13355.t1	25.877	228	162	5	1210	1887	715	937	3.04e-07	55.1
UTP1m:332078-336649(-)	g13355.t1	22.472	178	135	3	1210	1737	800	976	4.77e-05	47.8
UTP1m:332078-336649(-)	g13355.t1	23.030	165	115	4	1390	1875	272	427	5.79e-05	47.4
UTP1m:332078-336649(-)	g17389.t1	26.794	209	104	4	1258	1875	476	638	2.57e-09	61.2
UTP1m:332078-336649(-)	g17389.t1	26.182	275	158	10	1276	2064	398	639	0.008	40.4
UTP1m:332078-336649(-)	g9315.t1	26.562	320	204	9	1267	2139	1520	1837	2.80e-09	61.6
UTP1m:332078-336649(-)	g9315.t1	25.364	343	166	14	1207	2064	1546	1855	6.77e-08	57.0
UTP1m:332078-336649(-)	g9315.t1	25.962	208	125	8	1147	1740	1667	1855	0.002	42.7
UTP1m:332078-336649(-)	g10577.t1	37.647	85	52	1	1264	1518	1929	2012	3.41e-09	61.2
UTP1m:332078-336649(-)	g10577.t1	23.913	138	93	3	1348	1740	940	1072	0.003	42.0
UTP1m:332078-336649(-)	g17653.t1	25.610	246	134	6	1219	1821	435	676	4.13e-09	61.2
UTP1m:332078-336649(-)	g17653.t1	30.247	162	100	6	1438	1908	424	577	1.90e-04	45.8
UTP1m:332078-336649(-)	g13288.t1	29.032	155	108	2	1273	1737	568	720	7.96e-09	60.1
UTP1m:332078-336649(-)	g13288.t1	26.923	156	112	2	1273	1740	73	226	5.87e-07	53.9
UTP1m:332078-336649(-)	g13288.t1	28.571	154	107	3	1144	1602	73	224	1.53e-04	45.8
UTP1m:332078-336649(-)	g13288.t1	25.000	220	146	6	1249	1872	423	635	1.86e-04	45.8
UTP1m:332078-336649(-)	g3685.t1	31.707	164	106	3	1258	1737	133	294	8.04e-09	58.5
UTP1m:332078-336649(-)	g3685.t1	28.959	221	144	7	1249	1887	83	298	1.29e-08	57.8
UTP1m:332078-336649(-)	g3685.t1	28.108	185	103	5	1564	2106	63	221	4.78e-07	52.8
UTP1m:332078-336649(-)	g7554.t1	31.707	164	106	3	1258	1737	1541	1702	1.61e-08	58.9
UTP1m:332078-336649(-)	g7554.t1	28.959	221	144	7	1249	1887	1491	1706	3.75e-08	57.8
UTP1m:332078-336649(-)	g7554.t1	26.354	277	131	9	1381	2106	1391	1629	3.44e-07	54.7
UTP1m:332078-336649(-)	g7554.t1	37.143	105	54	3	1606	1905	480	577	9.73e-07	53.1
UTP1m:332078-336649(-)	g7554.t1	28.713	101	64	2	1225	1509	479	577	2.52e-04	45.4
UTP1m:332078-336649(-)	g9373.t1	30.345	145	96	4	1300	1734	155	294	1.85e-08	57.4
UTP1m:332078-336649(-)	g3706.t1	34.810	158	87	6	1276	1734	1459	1605	3.41e-08	58.2
UTP1m:332078-336649(-)	g15816.t1	21.502	293	206	5	1147	2025	39	307	3.60e-08	56.6
UTP1m:332078-336649(-)	g15816.t1	28.511	235	135	9	1213	1872	102	318	3.60e-08	56.6
UTP1m:332078-336649(-)	g15816.t1	28.082	146	81	3	1636	2073	31	152	1.72e-06	51.2
UTP1m:332078-336649(-)	g12787.t1	25.532	141	104	1	1138	1560	159	298	3.65e-08	56.6
UTP1m:332078-336649(-)	g12787.t1	26.522	230	146	8	1234	1875	49	271	5.24e-07	52.8
UTP1m:332078-336649(-)	g12787.t1	24.303	251	149	8	1390	2091	13	239	1.68e-06	51.2
UTP1m:332078-336649(-)	g12787.t1	25.316	158	111	4	1402	1872	162	313	3.00e-05	47.4
UTP1m:332078-336649(-)	g14503.t1	29.870	231	125	10	967	1578	438	658	4.74e-08	57.8
UTP1m:332078-336649(-)	g14208.t1	33.913	115	70	3	1147	1476	218	331	9.60e-08	56.2
UTP1m:332078-336649(-)	g14208.t1	22.727	242	148	8	1261	1875	142	381	3.41e-07	54.3
UTP1m:332078-336649(-)	g14208.t1	27.647	170	106	4	1378	1887	139	291	4.23e-07	53.9
UTP1m:332078-336649(-)	g14208.t1	23.936	188	97	5	1606	2094	129	295	1.58e-05	48.9
UTP1m:332078-336649(-)	g14208.t1	25.620	121	82	4	160	510	218	334	0.004	40.8
UTP1m:332078-336649(-)	g6369.t1	26.163	172	110	3	1270	1737	207	377	1.25e-07	55.5
UTP1m:332078-336649(-)	g6369.t1	29.091	110	67	2	1183	1479	268	377	1.18e-05	49.3
UTP1m:332078-336649(-)	g6369.t1	27.703	148	92	6	166	585	267	407	0.001	42.7
UTP1m:332078-336649(-)	g9127.t1	37.349	83	50	2	1237	1479	1071	1153	2.81e-07	55.1
UTP1m:332078-336649(-)	g9127.t1	37.647	85	47	3	1639	1887	1077	1157	0.006	40.8
UTP1m:332078-336649(-)	g1304.t1	32.544	169	83	6	1429	1875	470	627	2.81e-07	54.7
UTP1m:332078-336649(-)	g1304.t1	25.098	255	144	9	1258	1932	512	749	4.01e-04	44.7
UTP1m:332078-336649(-)	g12412.t1	25.362	276	149	7	1309	2067	1686	1927	7.90e-07	53.5
UTP1m:332078-336649(-)	g12412.t1	26.220	328	208	11	1183	2112	1687	1998	1.30e-06	52.8
UTP1m:332078-336649(-)	g12412.t1	26.667	150	91	5	1081	1479	1981	2128	0.001	42.7
UTP1m:332078-336649(-)	g3765.t1	37.143	105	54	3	1606	1905	922	1019	1.01e-06	53.1
UTP1m:332078-336649(-)	g3765.t1	26.374	273	143	8	1378	2106	1804	2048	1.45e-06	52.8
UTP1m:332078-336649(-)	g3765.t1	29.139	151	98	5	1249	1683	1910	2057	1.64e-04	45.8
UTP1m:332078-336649(-)	g3765.t1	28.571	91	57	2	1225	1479	921	1009	3.25e-04	45.1
UTP1m:332078-336649(-)	g12552.t2	37.143	105	54	3	1606	1905	920	1017	1.09e-06	53.1
UTP1m:332078-336649(-)	g12552.t2	29.670	91	56	2	1225	1479	919	1007	3.64e-04	44.7
UTP1m:332078-336649(-)	g12552.t1	37.143	105	54	3	1606	1905	920	1017	1.16e-06	53.1
UTP1m:332078-336649(-)	g12552.t1	29.670	91	56	2	1225	1479	919	1007	3.30e-04	45.1
UTP1m:332078-336649(-)	g16532.t1	25.628	199	143	5	1147	1740	409	603	1.40e-06	52.4
UTP1m:332078-336649(-)	g16532.t1	27.184	206	140	5	1264	1875	405	602	2.79e-05	48.1
UTP1m:332078-336649(-)	g11015.t1	41.667	84	46	1	1624	1875	1354	1434	1.59e-06	52.8
UTP1m:332078-336649(-)	g11015.t1	37.333	75	46	1	1258	1479	1360	1434	0.002	42.7
UTP1m:332078-336649(-)	g17583.t1	27.564	156	95	5	1141	1587	27	171	6.37e-06	49.7
UTP1m:332078-336649(-)	g17583.t1	27.419	124	71	4	1597	1914	94	216	6.40e-05	46.6
UTP1m:332078-336649(-)	g6687.t1	26.154	195	135	6	1309	1875	278	469	6.62e-06	50.1
UTP1m:332078-336649(-)	g13452.t1	28.571	126	86	4	1369	1740	293	416	7.38e-06	49.7
UTP1m:332078-336649(-)	g13452.t1	23.270	159	119	3	1258	1734	343	498	2.68e-05	48.1
UTP1m:332078-336649(-)	g13452.t1	31.373	102	65	4	1141	1440	347	445	0.004	40.8
UTP1m:332078-336649(-)	g1715.t1	27.459	244	125	10	1249	1863	104	334	7.64e-06	50.1
UTP1m:332078-336649(-)	g13128.t1	24.625	333	175	8	1126	1908	635	963	8.44e-06	50.1
UTP1m:332078-336649(-)	g13128.t1	27.041	196	119	4	1348	1872	582	774	5.37e-05	47.4
UTP1m:332078-336649(-)	g13128.t1	27.815	151	95	4	1636	2076	592	732	0.002	42.4
UTP1m:332078-336649(-)	g13128.t1	31.068	103	68	3	1309	1614	1561	1661	0.009	40.4
UTP1m:332078-336649(-)	g14136.t1	24.303	251	175	7	1006	1734	185	428	1.09e-05	49.3
UTP1m:332078-336649(-)	g14136.t1	23.827	277	183	12	1072	1878	174	430	4.68e-05	47.4
UTP1m:332078-336649(-)	g13375.t1	31.481	108	67	5	1552	1875	316	416	1.16e-05	49.3
UTP1m:332078-336649(-)	g13375.t1	30.952	84	56	2	1231	1482	294	375	0.002	42.4
UTP1m:332078-336649(-)	g13375.t1	24.603	126	86	3	238	615	294	410	0.004	41.2
UTP1m:332078-336649(-)	g1162.t1	25.568	176	128	3	1213	1737	729	902	1.19e-05	49.7
UTP1m:332078-336649(-)	g1162.t1	22.581	372	232	12	1057	2100	761	1100	8.00e-05	47.0
UTP1m:332078-336649(-)	g15440.t1	30.303	198	107	9	1390	1929	14	198	1.20e-05	49.7
UTP1m:332078-336649(-)	g15440.t1	29.508	183	110	7	1219	1734	92	266	2.68e-05	48.5
UTP1m:332078-336649(-)	g8480.t1	35.484	93	54	3	1216	1476	249	341	2.24e-05	48.9
UTP1m:332078-336649(-)	g8480.t1	33.333	120	72	5	1549	1893	235	351	0.009	40.4
UTP1m:332078-336649(-)	g2118.t1	25.381	197	136	6	1291	1872	3	191	2.88e-05	48.1
UTP1m:332078-336649(-)	g2118.t1	31.868	91	57	1	1606	1878	21	106	7.61e-04	43.5
UTP1m:332078-336649(-)	g5968.t1	31.967	122	72	3	1390	1740	550	665	3.13e-05	48.1
UTP1m:332078-336649(-)	g5968.t1	25.166	151	106	4	1168	1611	560	706	0.001	43.1
UTP1m:332078-336649(-)	g7551.t1	25.431	232	133	6	1249	1887	968	1178	5.96e-05	47.4
UTP1m:332078-336649(-)	g5060.t1	24.074	216	144	7	1135	1740	8	217	6.00e-05	46.6
UTP1m:332078-336649(-)	g3459.t1	22.845	232	158	8	1081	1740	60	282	6.88e-05	46.2
UTP1m:332078-336649(-)	g3459.t1	24.865	185	130	5	1372	1911	71	251	4.78e-04	43.5
UTP1m:332078-336649(-)	g3459.t1	27.517	149	96	5	1438	1875	8	147	0.006	40.0
UTP1m:332078-336649(-)	g6679.t1	26.667	270	141	11	1162	1947	591	811	8.66e-05	47.0
UTP1m:332078-336649(-)	g8645.t1	22.956	318	197	11	1222	2082	2002	2302	9.03e-05	47.0
UTP1m:332078-336649(-)	g8645.t1	33.333	72	47	1	1147	1362	2165	2235	4.45e-04	44.7
UTP1m:332078-336649(-)	g12558.t1	36.782	87	48	2	1639	1887	5	88	1.18e-04	44.3
UTP1m:332078-336649(-)	g1555.t1	25.874	143	102	2	1258	1683	245	384	1.43e-04	45.8
UTP1m:332078-336649(-)	g1555.t1	36.765	68	42	1	1537	1740	253	319	5.18e-04	44.3
UTP1m:332078-336649(-)	g1555.t1	28.387	155	103	6	1147	1602	251	400	0.009	40.0
UTP1m:332078-336649(-)	g4953.t1	29.730	111	77	1	1147	1479	1056	1165	2.14e-04	45.4
UTP1m:332078-336649(-)	g4953.t1	37.500	88	49	2	1639	1896	1764	1847	4.25e-04	44.7
UTP1m:332078-336649(-)	g4953.t1	31.746	126	79	3	1561	1935	1067	1186	5.43e-04	44.3
UTP1m:332078-336649(-)	g2103.t1	29.907	107	74	1	1213	1533	59	164	2.21e-04	45.1
UTP1m:332078-336649(-)	g4313.t1	23.864	176	99	5	1540	2061	24	166	2.86e-04	45.1
UTP1m:332078-336649(-)	g16402.t1	24.457	184	132	6	1336	1875	545	725	6.55e-04	43.9
UTP1m:332078-336649(-)	g11950.t1	24.500	200	134	9	1156	1740	125	312	7.25e-04	43.5
UTP1m:332078-336649(-)	g3724.t1	25.210	119	86	2	1384	1740	256	371	7.72e-04	43.5
UTP1m:332078-336649(-)	g11170.t1	34.940	83	53	1	1237	1482	2978	3060	8.53e-04	43.5
UTP1m:332078-336649(-)	g11170.t1	30.769	91	57	3	1219	1479	2446	2534	0.008	40.4
UTP1m:332078-336649(-)	g17652.t1	40.323	62	36	1	1300	1482	251	312	8.94e-04	43.1
UTP1m:332078-336649(-)	g5031.t1	31.250	80	55	0	1288	1527	31	110	0.001	43.1
UTP1m:332078-336649(-)	g6631.t1	45.652	46	25	0	1597	1734	39	84	0.001	43.1
UTP1m:332078-336649(-)	g13511.t1	42.000	50	29	0	1594	1743	182	231	0.001	42.0
UTP1m:332078-336649(-)	g437.t1	32.653	98	55	5	268	543	153	245	0.001	42.4
UTP1m:332078-336649(-)	g12105.t1	26.271	118	76	5	1195	1527	273	386	0.001	42.4
UTP1m:332078-336649(-)	g16580.t1	28.378	148	100	4	1438	1875	121	264	0.002	42.0
UTP1m:332078-336649(-)	g14323.t1	21.633	245	152	8	1351	2067	327	537	0.002	42.4
UTP1m:332078-336649(-)	g2770.t1	22.981	161	118	3	1264	1743	2	157	0.002	42.0
UTP1m:332078-336649(-)	g3193.t1	26.744	172	83	5	1630	2058	394	551	0.003	41.6
UTP1m:332078-336649(-)	g8717.t1	30.693	101	62	3	1585	1887	578	670	0.004	41.2
UTP1m:332078-336649(-)	g7591.t1	26.289	194	132	6	1306	1875	161	347	0.004	40.8
UTP1m:332078-336649(-)	g9320.t1	26.623	154	89	7	1243	1641	263	413	0.005	40.8
UTP1m:332078-336649(-)	g16305.t1	31.707	82	52	2	1567	1812	81	158	0.006	40.4
UTP1m:332078-336649(-)	g15388.t1	32.075	106	62	5	181	489	906	1004	0.007	40.4
UTP1m:332078-336649(-)	g5010.t1	24.583	240	142	8	1207	1863	107	328	0.008	40.0
