155027m:237310-238039(-)	g2071.t1	77.632	76	14	2	112	333	93	167	1.32e-19	85.9
182390m:99183-101644(+)	g2093.t1	95.105	143	7	0	142	570	1	143	5.66e-93	277
182390m:99183-101644(+)	g2094.t1	84.058	138	21	1	568	981	3	139	2.41e-48	162
182392m:86756-87519(+)	g2090.t1	82.353	68	12	0	217	420	1	68	1.45e-08	48.9
294687m:105064-114642(-)	g2095.t1	64.993	757	235	8	1	2232	1	740	6.48e-159	548
294687m:105064-114642(-)	g2095.t1	96.996	233	7	0	6421	7119	2141	2373	7.28e-108	386
294687m:105064-114642(-)	g2095.t1	64.082	632	181	12	4408	6207	1455	2072	4.63e-49	194
294687m:105064-114642(-)	g2095.t1	54.271	199	65	4	2485	3024	824	1015	6.53e-13	75.1
294687m:105064-114642(-)	g2095.t1	50.000	230	101	4	3391	4071	1129	1347	6.41e-11	68.6
522872m:299411-301440(+)	g2087.t1	83.862	347	53	1	202	1242	82	425	2.11e-171	509
522872m:299411-301440(+)	g6326.t1	34.932	146	92	1	733	1170	1	143	9.91e-21	89.7
522872m:299411-301440(+)	g14441.t1	24.138	203	133	7	517	1077	28	225	4.21e-08	54.3
522875m:135184-137781(-)	g2104.t1	87.234	141	17	1	1	420	1	141	5.01e-44	160
522875m:135184-137781(-)	g2104.t1	56.667	120	46	2	895	1242	302	419	1.34e-10	62.8
522875m:135184-137781(-)	g7084.t1	43.284	67	33	2	4	192	297	362	0.006	38.9
ALB3m:88679-91451(+)	g2091.t1	85.210	453	62	4	97	1443	32	483	0.0	580
ALB3m:88679-91451(+)	g12524.t1	50.787	254	117	4	325	1086	71	316	1.60e-72	239
CGL70m:180499-183180(+)	g2085.t1	82.078	385	49	3	256	1350	1	385	0.0	564
DLA3m:288912-292479(-)	g2088.t1	92.920	226	16	0	1243	1920	354	579	5.00e-119	370
DLA3m:288912-292479(-)	g2088.t1	78.819	288	55	2	208	1053	1	288	2.47e-115	360
DLA3m:288912-292479(-)	g2088.t1	57.143	98	41	1	163	453	113	210	4.20e-26	113
DLA3m:288912-292479(-)	g15781.t1	48.673	226	113	2	145	816	45	269	3.66e-54	196
DLA3m:288912-292479(-)	g15781.t1	41.007	139	63	2	1243	1608	392	528	1.37e-21	99.0
DLA3m:288912-292479(-)	g9412.t1	33.778	225	138	4	1261	1914	226	446	9.12e-23	101
DLA3m:288912-292479(-)	g9412.t1	34.667	75	46	2	181	399	86	159	1.41e-04	44.7
DLA3m:288912-292479(-)	g15780.t1	54.023	87	39	1	1645	1902	9	95	1.47e-21	92.0
DLA3m:288912-292479(-)	g16745.t1	40.580	138	80	2	1507	1914	357	494	6.36e-19	90.5
DLA3m:288912-292479(-)	g16745.t1	36.250	80	50	1	181	420	35	113	2.44e-08	57.0
DLA3m:288912-292479(-)	g16745.t1	37.975	79	47	2	559	795	37	113	0.001	42.0
DRG1m:200979-204132(+)	g2099.t1	98.876	356	4	0	1	1068	14	369	0.0	604
DRG1m:200979-204132(+)	g13205.t1	57.022	356	149	2	1	1062	14	367	1.71e-115	345
DRG1m:200979-204132(+)	g12240.t1	37.600	125	74	2	154	516	321	445	2.51e-08	55.8
DRG1m:200979-204132(+)	g455.t1	34.146	123	79	1	154	516	349	471	1.05e-07	53.5
DRG1m:200979-204132(+)	g10435.t1	30.579	121	66	2	112	420	37	157	8.84e-06	47.4
DRG1m:200979-204132(+)	g10281.t1	34.862	109	69	2	91	411	293	401	3.38e-05	45.8
EIF5Bbm:61515-65003(+)	g2116.t1	95.726	234	10	0	664	1365	223	456	3.89e-113	345
EIF5Bbm:61515-65003(+)	g2116.t1	99.286	140	1	0	1	420	1	140	1.19e-99	310
EIF5Bbm:61515-65003(+)	g11032.t1	28.723	94	64	2	97	372	159	251	1.39e-05	47.0
GCSHm:245615-246753(-)	g2069.t1	94.375	160	9	0	1	480	1	160	7.78e-108	308
GI%3A294846041:345009-345366(-)	g2114.t1	92.222	90	6	1	4147	4413	412	501	4.36e-33	139
GI%3A294846041:345009-345366(-)	g2114.t1	94.643	56	3	0	4848	5015	501	556	6.94e-26	116
GI%3A294846041:345009-345366(-)	g2114.t1	91.379	58	5	0	6955	7128	697	754	1.75e-24	112
GI%3A294846041:345009-345366(-)	g2114.t1	43.836	146	26	4	2	427	20	113	1.25e-14	80.1
GI%3A294846041:345009-345366(-)	g2114.t1	96.552	58	2	0	1788	1961	216	273	3.03e-13	75.5
GI%3A294846041:345009-345366(-)	g2114.t1	91.892	37	3	0	2639	2749	314	350	4.13e-12	72.0
GI%3A294846041:345009-345366(-)	g2114.t1	96.970	33	1	0	6542	6640	660	692	4.09e-11	68.6
GI%3A294846041:345009-345366(-)	g2114.t1	88.571	35	4	0	2209	2313	282	316	9.99e-11	67.4
GI%3A294846041:345009-345366(-)	g2114.t1	85.714	35	5	0	3779	3883	377	411	1.03e-10	67.4
GI%3A294846041:345009-345366(-)	g2114.t1	87.879	33	4	0	5586	5684	575	607	1.66e-09	63.5
GI%3A294846041:345009-345366(-)	g2114.t1	69.048	42	13	0	1444	1569	169	210	2.74e-09	62.8
GI%3A294846041:345009-345366(-)	g2114.t1	89.655	29	3	0	811	897	150	178	1.93e-08	60.1
GI%3A294846041:345009-345366(-)	g2114.t1	96.154	26	1	0	5270	5347	553	578	2.35e-07	56.2
GI%3A294846041:345009-345366(-)	g2114.t1	95.833	24	1	0	3312	3383	350	373	3.49e-06	52.4
GI%3A294846041:345009-345366(-)	g2114.t1	89.286	28	3	0	6045	6128	614	641	7.23e-06	51.6
GI%3A294846041:345009-345366(-)	g15417.t1	64.286	28	10	0	1480	1563	53	80	0.001	43.1
HDH1m:116630-119812(-)	g2096.t1	80.000	295	57	2	70	951	24	317	2.90e-144	414
HDH1m:116630-119812(-)	g13911.t1	38.062	289	157	8	112	921	627	912	1.79e-21	95.9
HGRP1m:329030-331111(-)	g2072.t1	87.397	484	61	0	40	1491	57	540	0.0	607
LEU1Sm:317411-319190(-)	g2100.t1	95.349	215	10	0	1	645	1	215	2.95e-152	425
LEU1Sm:317411-319190(-)	g4003.t1	37.500	48	30	0	298	441	676	723	0.005	37.7
LPS1m:139143-171097(+)	g7582.t1	38.801	567	220	9	682	2004	703	1268	3.32e-111	380
LPS1m:139143-171097(+)	g7582.t1	37.795	127	58	1	130	447	150	276	2.10e-16	85.1
LPS1m:139143-171097(+)	g2108.t1	90.000	170	17	0	1246	1755	43	212	5.99e-106	333
LPS1m:139143-171097(+)	g15548.t1	32.243	214	116	6	1255	1827	407	614	8.83e-21	98.6
LPS1m:139143-171097(+)	g2174.t1	28.931	159	97	3	1300	1752	240	390	1.80e-12	70.9
LPS1m:139143-171097(+)	g7615.t1	29.381	194	110	9	1270	1785	784	972	1.55e-07	55.8
LPS1m:139143-171097(+)	g290.t1	47.541	61	29	2	1483	1662	511	569	3.99e-06	51.2
LPS1m:139143-171097(+)	g3694.t1	39.506	81	40	4	1531	1767	228	301	1.38e-04	45.8
LPS1m:139143-171097(+)	g15283.t1	38.961	77	43	3	1465	1686	100	175	8.63e-04	43.5
LPS1m:139143-171097(+)	g4979.t1	27.523	109	62	3	1486	1767	317	423	0.001	43.1
LPS1m:139143-171097(+)	g6824.t1	40.000	60	33	2	1486	1662	733	790	0.008	40.4
MADS2m:251373-254600(+)	g2067.t1	82.292	192	32	1	130	699	48	239	1.55e-58	210
MADS2m:251373-254600(+)	g2067.t1	59.140	372	85	9	811	1734	339	707	1.03e-30	127
MIDm:286501-287123(+)	g15911.t1	52.941	51	24	0	280	432	1735	1785	2.94e-10	58.5
MIDm:286501-287123(+)	g2166.t1	38.356	73	45	0	217	435	1595	1667	1.73e-09	56.2
MIDm:286501-287123(+)	g16533.t1	46.000	50	27	0	286	435	1950	1999	3.83e-09	55.1
MIDm:286501-287123(+)	g15763.t1	48.000	50	26	0	286	435	966	1015	1.06e-08	53.5
MIDm:286501-287123(+)	g3520.t1	46.296	54	29	0	268	429	46	99	1.63e-08	53.1
MIDm:286501-287123(+)	g16532.t1	30.137	73	51	0	217	435	1601	1673	2.87e-08	52.4
MIDm:286501-287123(+)	g16617.t1	44.643	56	31	0	268	435	1135	1190	4.01e-08	51.6
MIDm:286501-287123(+)	g2998.t1	43.636	55	31	0	271	435	425	479	6.91e-08	50.8
MIDm:286501-287123(+)	g13468.t1	41.509	53	31	0	271	429	2	54	7.25e-08	50.8
MIDm:286501-287123(+)	g15671.t1	50.000	48	24	0	286	429	1407	1454	1.06e-07	50.4
MIDm:286501-287123(+)	g8750.t1	40.000	50	30	0	286	435	857	906	4.05e-07	48.5
MIDm:286501-287123(+)	g15273.t1	39.130	46	28	0	298	435	747	792	1.63e-06	46.6
MT0828m:345009-345366(-)	g2114.t1	92.222	90	6	1	4147	4413	412	501	4.36e-33	139
MT0828m:345009-345366(-)	g2114.t1	94.643	56	3	0	4848	5015	501	556	6.94e-26	116
MT0828m:345009-345366(-)	g2114.t1	91.379	58	5	0	6955	7128	697	754	1.75e-24	112
MT0828m:345009-345366(-)	g2114.t1	43.836	146	26	4	2	427	20	113	1.25e-14	80.1
MT0828m:345009-345366(-)	g2114.t1	96.552	58	2	0	1788	1961	216	273	3.03e-13	75.5
MT0828m:345009-345366(-)	g2114.t1	91.892	37	3	0	2639	2749	314	350	4.13e-12	72.0
MT0828m:345009-345366(-)	g2114.t1	96.970	33	1	0	6542	6640	660	692	4.09e-11	68.6
MT0828m:345009-345366(-)	g2114.t1	88.571	35	4	0	2209	2313	282	316	9.99e-11	67.4
MT0828m:345009-345366(-)	g2114.t1	85.714	35	5	0	3779	3883	377	411	1.03e-10	67.4
MT0828m:345009-345366(-)	g2114.t1	87.879	33	4	0	5586	5684	575	607	1.66e-09	63.5
MT0828m:345009-345366(-)	g2114.t1	69.048	42	13	0	1444	1569	169	210	2.74e-09	62.8
MT0828m:345009-345366(-)	g2114.t1	89.655	29	3	0	811	897	150	178	1.93e-08	60.1
MT0828m:345009-345366(-)	g2114.t1	96.154	26	1	0	5270	5347	553	578	2.35e-07	56.2
MT0828m:345009-345366(-)	g2114.t1	95.833	24	1	0	3312	3383	350	373	3.49e-06	52.4
MT0828m:345009-345366(-)	g2114.t1	89.286	28	3	0	6045	6128	614	641	7.23e-06	51.6
MT0828m:345009-345366(-)	g15417.t1	64.286	28	10	0	1480	1563	53	80	0.001	43.1
MTD1m:308873-311600(-)	g2109.t1	75.694	144	29	2	1258	1689	1	138	2.85e-44	155
MTP0618m:239873-241080(-)	g2071.t1	85.417	48	7	0	340	483	1	48	1.34e-20	90.9
NIC7m:39982-47119(-)	g2114.t1	92.893	605	42	1	220	2031	150	754	0.0	1042
NIC7m:39982-47119(-)	g2114.t1	57.778	45	15	2	2	130	20	62	0.001	42.0
NIC7m:39982-47119(-)	g15417.t1	43.678	87	43	2	229	486	25	106	7.42e-14	72.4
NMDA1m:199057-200122(-)	g2098.t1	89.960	249	25	0	1	747	1	249	2.02e-149	421
NMDA1m:199057-200122(-)	g4145.t1	44.395	223	123	1	79	747	24	245	1.70e-57	186
NMDA1m:199057-200122(-)	g4294.t1	47.917	48	24	1	214	354	414	461	2.80e-04	42.0
OTU2m:232320-234447(-)	g2071.t1	86.435	317	35	3	1	942	980	1291	2.62e-159	482
OTU2m:232320-234447(-)	g611.t1	31.496	127	69	3	565	894	170	295	2.27e-07	51.6
OTU2m:232320-234447(-)	g611.t1	32.895	76	51	0	25	252	50	125	1.86e-04	42.7
PDK1m:175949-179936(-)	g9858.t1	86.242	487	63	3	79	1536	31	514	0.0	698
PDK1m:175949-179936(-)	g6686.t2	31.034	290	173	5	211	1065	1	268	3.69e-36	138
PDK1m:175949-179936(-)	g6686.t2	69.444	36	11	0	1345	1452	288	323	1.34e-09	59.7
PDK1m:175949-179936(-)	g6686.t1	30.201	298	173	5	211	1065	1	276	8.49e-35	134
PDK1m:175949-179936(-)	g6686.t1	69.444	36	11	0	1345	1452	296	331	1.61e-09	59.7
PDK1m:175949-179936(-)	g2521.t1	29.355	310	186	6	163	1065	107	392	8.25e-31	124
PDK1m:175949-179936(-)	g2521.t1	72.222	36	10	0	1345	1452	411	446	3.65e-09	58.9
PKY1m:258622-269217(+)	g2066.t1	86.027	730	82	8	4573	6735	2048	2766	0.0	1005
PKY1m:258622-269217(+)	g2066.t1	68.413	687	184	12	2386	4359	1299	1981	2.69e-96	349
PKY1m:258622-269217(+)	g2066.t1	56.832	644	230	14	154	2046	572	1180	3.34e-86	316
PKY1m:258622-269217(+)	g2066.t1	70.455	44	13	0	1	132	194	237	7.78e-12	71.6
PKY1m:258622-269217(+)	g8574.t1	32.628	331	199	5	5200	6138	463	787	8.69e-41	165
PKY1m:258622-269217(+)	g8573.t1	33.742	326	197	6	5200	6138	411	730	2.79e-40	163
PKY1m:258622-269217(+)	g8575.t1	33.033	333	197	6	5200	6138	1449	1775	4.19e-40	164
PKY1m:258622-269217(+)	g8575.t1	32.733	333	198	6	5200	6138	443	769	2.87e-39	161
PKY1m:258622-269217(+)	g10618.t1	33.138	341	184	7	5233	6153	585	915	9.16e-37	152
PKY1m:258622-269217(+)	g14711.t1	28.308	325	199	8	5230	6153	564	871	3.89e-36	150
PKY1m:258622-269217(+)	g10533.t1	40.865	208	108	7	5539	6147	310	507	1.38e-35	145
PKY1m:258622-269217(+)	g3430.t2	37.864	206	121	5	5554	6153	1154	1358	3.37e-33	141
PKY1m:258622-269217(+)	g3430.t3	37.864	206	121	5	5554	6153	1143	1347	3.80e-33	141
PKY1m:258622-269217(+)	g3430.t1	37.864	206	121	5	5554	6153	1168	1372	4.06e-33	140
PKY1m:258622-269217(+)	g870.t1	30.029	343	185	8	5236	6153	1015	1339	7.78e-33	140
PKY1m:258622-269217(+)	g15528.t1	34.862	218	123	5	5545	6150	1088	1302	1.55e-32	139
PKY1m:258622-269217(+)	g4742.t1	35.749	207	121	5	5551	6159	648	846	3.01e-32	137
PKY1m:258622-269217(+)	g15045.t1	28.969	359	224	9	5239	6273	163	504	5.74e-32	136
PKY1m:258622-269217(+)	g9062.t1	30.286	350	207	10	5206	6153	528	874	9.59e-32	135
PKY1m:258622-269217(+)	g3665.t1	38.537	205	116	4	5554	6141	662	865	1.18e-31	136
PKY1m:258622-269217(+)	g3665.t1	39.706	68	40	1	5233	5436	511	577	1.74e-05	50.4
PKY1m:258622-269217(+)	g10912.t1	31.339	351	199	13	5197	6150	968	1309	4.41e-31	134
PKY1m:258622-269217(+)	g12815.t1	29.217	332	194	6	5251	6147	486	809	7.45e-31	133
PKY1m:258622-269217(+)	g5593.t1	31.410	312	190	6	5239	6174	675	962	1.13e-30	132
PKY1m:258622-269217(+)	g16275.t1	33.544	316	185	10	5221	6147	95	392	1.79e-30	130
PKY1m:258622-269217(+)	g3775.t1	33.198	247	119	3	5536	6147	2911	3154	2.77e-30	132
PKY1m:258622-269217(+)	g14065.t1	35.648	216	120	6	5551	6150	327	539	4.21e-30	129
PKY1m:258622-269217(+)	g10267.t1	38.235	204	122	3	5554	6165	862	1061	6.99e-30	130
PKY1m:258622-269217(+)	g10267.t1	42.647	68	38	1	5233	5436	616	682	5.44e-06	52.0
PKY1m:258622-269217(+)	g12335.t1	31.343	335	173	9	5230	6132	452	763	1.59e-29	128
PKY1m:258622-269217(+)	g16269.t1	38.462	221	122	7	5539	6174	310	525	1.81e-29	127
PKY1m:258622-269217(+)	g12335.t2	31.343	335	173	9	5230	6132	466	777	2.24e-29	127
PKY1m:258622-269217(+)	g15120.t1	34.375	224	123	5	5551	6162	211	430	2.92e-29	125
PKY1m:258622-269217(+)	g6615.t1	34.722	288	170	9	5353	6171	1362	1646	3.27e-29	128
PKY1m:258622-269217(+)	g16102.t1	38.095	210	122	5	5539	6162	389	592	3.67e-29	127
PKY1m:258622-269217(+)	g13581.t1	35.366	246	106	4	5548	6126	707	952	3.87e-29	127
PKY1m:258622-269217(+)	g13581.t2	35.366	246	106	4	5548	6126	706	951	4.43e-29	127
PKY1m:258622-269217(+)	g15771.t1	37.811	201	112	5	5539	6123	296	489	4.90e-29	124
PKY1m:258622-269217(+)	g11713.t1	37.073	205	120	3	5548	6138	925	1128	6.94e-29	127
PKY1m:258622-269217(+)	g10668.t1	37.688	199	118	3	5554	6147	641	834	7.09e-29	126
PKY1m:258622-269217(+)	g10668.t1	43.284	67	37	1	5236	5436	463	528	1.30e-06	53.9
PKY1m:258622-269217(+)	g8392.t1	36.986	219	120	6	5539	6162	120	331	9.25e-29	127
PKY1m:258622-269217(+)	g14820.t1	27.329	322	184	5	5212	6177	268	539	1.79e-28	123
PKY1m:258622-269217(+)	g15047.t1	30.286	350	201	10	5206	6150	770	1111	2.30e-28	125
PKY1m:258622-269217(+)	g12195.t1	36.715	207	122	5	5548	6150	693	896	2.75e-28	124
PKY1m:258622-269217(+)	g3652.t1	41.176	170	95	3	5644	6147	1325	1491	3.89e-28	125
PKY1m:258622-269217(+)	g3652.t1	25.543	184	89	4	5197	5607	961	1143	5.19e-06	52.0
PKY1m:258622-269217(+)	g14820.t2	27.329	322	183	5	5212	6177	268	538	4.12e-28	122
PKY1m:258622-269217(+)	g13718.t1	39.048	210	115	5	5536	6138	326	531	4.34e-28	122
PKY1m:258622-269217(+)	g6548.t1	29.345	351	193	9	5212	6138	124	461	5.57e-28	122
PKY1m:258622-269217(+)	g14312.t1	35.577	208	124	6	5542	6150	484	686	6.23e-28	124
PKY1m:258622-269217(+)	g14312.t1	33.824	68	37	3	5242	5445	98	157	0.002	43.5
PKY1m:258622-269217(+)	g3653.t2	41.379	174	94	4	5644	6150	1071	1241	1.02e-27	123
PKY1m:258622-269217(+)	g3653.t2	29.412	153	80	3	5230	5607	822	973	1.55e-08	60.5
PKY1m:258622-269217(+)	g509.t1	35.096	208	128	4	5539	6147	870	1075	1.02e-27	123
PKY1m:258622-269217(+)	g3653.t1	41.379	174	94	4	5644	6150	1072	1242	1.09e-27	123
PKY1m:258622-269217(+)	g3653.t1	29.412	153	80	3	5230	5607	823	974	1.55e-08	60.5
PKY1m:258622-269217(+)	g15298.t1	33.921	227	117	5	5554	6153	809	1029	1.11e-27	122
PKY1m:258622-269217(+)	g8357.t1	36.937	222	125	6	5539	6180	509	723	1.22e-27	123
PKY1m:258622-269217(+)	g11544.t1	29.560	318	202	9	5200	6150	1940	2236	1.66e-27	123
PKY1m:258622-269217(+)	g6596.t1	30.252	357	193	8	5233	6138	1522	1877	1.84e-27	122
PKY1m:258622-269217(+)	g15529.t1	37.640	178	103	4	5632	6150	1154	1328	3.78e-27	121
PKY1m:258622-269217(+)	g16644.t1	30.094	319	205	8	5230	6162	623	931	4.15e-27	120
PKY1m:258622-269217(+)	g13136.t1	35.071	211	120	5	5536	6138	989	1192	7.06e-27	120
PKY1m:258622-269217(+)	g5594.t1	30.968	310	186	9	5239	6150	499	786	7.52e-27	119
PKY1m:258622-269217(+)	g11549.t1	29.022	317	203	9	5203	6150	1888	2183	7.93e-27	120
PKY1m:258622-269217(+)	g5595.t1	32.381	315	180	11	5239	6150	480	772	1.16e-26	119
PKY1m:258622-269217(+)	g15766.t1	38.889	198	114	5	5539	6123	238	431	1.56e-26	115
PKY1m:258622-269217(+)	g3654.t1	37.931	203	119	5	5539	6141	257	454	1.74e-26	118
PKY1m:258622-269217(+)	g9803.t1	37.321	209	121	5	5539	6147	797	1001	1.89e-26	119
PKY1m:258622-269217(+)	g8712.t1	38.095	210	123	6	5542	6162	380	585	3.45e-26	118
PKY1m:258622-269217(+)	g2749.t1	32.432	222	125	5	5554	6153	1190	1408	4.85e-26	117
PKY1m:258622-269217(+)	g5597.t1	29.738	343	185	11	5218	6150	401	719	6.76e-26	116
PKY1m:258622-269217(+)	g12991.t1	33.333	216	123	6	5554	6147	973	1185	8.26e-26	117
PKY1m:258622-269217(+)	g12216.t1	31.193	327	200	8	5230	6153	2586	2906	9.42e-26	117
PKY1m:258622-269217(+)	g12875.t1	28.061	392	202	10	5206	6150	1117	1505	1.11e-25	116
PKY1m:258622-269217(+)	g3616.t1	29.430	316	184	8	5236	6153	596	882	1.26e-25	116
PKY1m:258622-269217(+)	g429.t1	28.253	269	177	5	5383	6150	895	1160	1.57e-25	116
PKY1m:258622-269217(+)	g17292.t1	29.006	362	204	6	5206	6150	1651	2006	1.80e-25	116
PKY1m:258622-269217(+)	g7089.t1	28.533	368	188	7	5236	6150	1019	1374	2.10e-25	115
PKY1m:258622-269217(+)	g9467.t1	31.833	311	188	10	5239	6153	513	805	2.30e-25	115
PKY1m:258622-269217(+)	g5056.t1	36.464	181	100	4	5626	6138	760	935	3.48e-25	115
PKY1m:258622-269217(+)	g1578.t1	33.796	216	114	9	5542	6141	755	957	5.46e-25	114
PKY1m:258622-269217(+)	g12990.t1	32.877	219	123	7	5554	6147	1174	1389	5.76e-25	114
PKY1m:258622-269217(+)	g10234.t1	32.227	211	124	5	5554	6138	1463	1670	5.81e-25	114
PKY1m:258622-269217(+)	g5596.t1	33.333	252	142	9	5239	5964	482	717	5.83e-25	113
PKY1m:258622-269217(+)	g501.t1	37.500	216	108	10	5536	6138	245	448	7.23e-25	111
PKY1m:258622-269217(+)	g6054.t1	32.407	216	125	6	5554	6147	1086	1298	8.33e-25	114
PKY1m:258622-269217(+)	g9473.t1	31.511	311	189	10	5239	6153	486	778	9.74e-25	112
PKY1m:258622-269217(+)	g7674.t1	33.333	219	131	5	5548	6168	1583	1798	9.96e-25	114
PKY1m:258622-269217(+)	g7749.t1	34.466	206	115	3	5554	6114	1237	1441	1.27e-24	113
PKY1m:258622-269217(+)	g774.t1	37.327	217	119	6	5539	6162	1318	1526	1.45e-24	113
PKY1m:258622-269217(+)	g15409.t1	26.012	346	202	9	5230	6150	560	890	1.49e-24	112
PKY1m:258622-269217(+)	g8137.t1	35.648	216	119	8	5551	6150	1469	1680	2.08e-24	112
PKY1m:258622-269217(+)	g9461.t1	30.744	309	195	9	5239	6153	515	808	2.26e-24	111
PKY1m:258622-269217(+)	g16715.t1	27.129	317	158	8	5386	6150	1228	1533	2.48e-24	112
PKY1m:258622-269217(+)	g6029.t1	35.443	158	100	1	5665	6138	1034	1189	3.11e-24	112
PKY1m:258622-269217(+)	g6029.t1	30.370	135	81	2	5233	5601	802	935	3.14e-07	56.2
PKY1m:258622-269217(+)	g8001.t1	28.382	377	190	15	5230	6150	1473	1839	3.84e-24	112
PKY1m:258622-269217(+)	g7999.t1	29.964	277	177	7	5356	6147	1571	1843	4.28e-24	111
PKY1m:258622-269217(+)	g7533.t1	32.669	251	123	4	5554	6177	1014	1261	7.51e-24	110
PKY1m:258622-269217(+)	g4023.t1	35.859	198	118	4	5539	6117	723	916	8.07e-24	110
PKY1m:258622-269217(+)	g6142.t1	38.333	180	89	8	5650	6150	1260	1430	8.25e-24	110
PKY1m:258622-269217(+)	g3425.t1	37.500	208	119	6	5536	6138	289	492	8.96e-24	108
PKY1m:258622-269217(+)	g3621.t1	30.699	329	191	9	5239	6165	618	929	1.30e-23	109
PKY1m:258622-269217(+)	g2335.t1	35.673	171	102	4	5650	6147	2498	2665	1.42e-23	110
PKY1m:258622-269217(+)	g304.t1	29.836	305	159	8	5236	6138	1697	1950	2.04e-23	109
PKY1m:258622-269217(+)	g7531.t1	31.687	243	121	3	5554	6153	3019	3259	2.06e-23	109
PKY1m:258622-269217(+)	g2148.t1	36.364	176	104	4	5650	6162	1792	1964	2.52e-23	109
PKY1m:258622-269217(+)	g8642.t1	27.829	327	173	11	5236	6153	156	440	8.14e-23	104
PKY1m:258622-269217(+)	g2273.t1	32.420	219	129	7	5551	6159	1526	1741	2.72e-22	105
PKY1m:258622-269217(+)	g6892.t1	34.562	217	122	9	5545	6141	957	1171	3.63e-22	105
PKY1m:258622-269217(+)	g16376.t1	35.545	211	124	6	5536	6153	2749	2952	4.64e-22	105
PKY1m:258622-269217(+)	g11667.t1	40.854	164	91	5	5650	6138	1053	1211	6.28e-22	104
PKY1m:258622-269217(+)	g1814.t1	30.195	308	166	8	5236	6138	1388	1653	6.61e-22	104
PKY1m:258622-269217(+)	g7670.t1	30.516	213	133	5	5548	6150	2227	2436	6.94e-22	104
PKY1m:258622-269217(+)	g13219.t1	29.630	270	153	11	5383	6114	1749	2007	7.47e-22	104
PKY1m:258622-269217(+)	g6098.t1	32.258	217	121	8	5545	6129	1277	1489	7.79e-22	104
PKY1m:258622-269217(+)	g10964.t1	28.797	316	172	8	5230	6150	350	621	8.36e-22	103
PKY1m:258622-269217(+)	g8770.t1	29.707	239	125	7	5551	6147	1285	1520	9.56e-22	103
PKY1m:258622-269217(+)	g11137.t1	29.412	340	187	10	5236	6147	649	971	1.11e-21	103
PKY1m:258622-269217(+)	g11696.t1	30.032	313	161	11	5254	6150	246	514	1.18e-21	102
PKY1m:258622-269217(+)	g1749.t1	28.485	330	166	12	5233	6150	783	1066	1.48e-21	103
PKY1m:258622-269217(+)	g5979.t1	33.188	229	127	4	5539	6150	2811	3038	1.75e-21	103
PKY1m:258622-269217(+)	g6147.t1	36.207	174	100	6	5650	6150	1269	1438	2.07e-21	102
PKY1m:258622-269217(+)	g7983.t1	44.538	119	66	0	5782	6138	1113	1231	2.46e-21	102
PKY1m:258622-269217(+)	g7983.t1	28.947	228	105	7	5206	5739	828	1048	3.22e-04	46.2
PKY1m:258622-269217(+)	g8995.t1	30.032	313	155	11	5254	6138	495	761	8.20e-21	100
PKY1m:258622-269217(+)	g3446.t1	42.276	123	71	0	5782	6150	902	1024	1.21e-20	100
PKY1m:258622-269217(+)	g4796.t1	39.024	164	94	5	5650	6138	2633	2791	1.25e-20	100
PKY1m:258622-269217(+)	g4796.t1	37.805	164	96	5	5650	6138	1451	1609	4.09e-19	95.5
PKY1m:258622-269217(+)	g12200.t1	30.705	241	135	4	5542	6177	2013	2250	2.91e-20	99.4
PKY1m:258622-269217(+)	g12200.t1	33.824	68	45	0	5236	5439	1875	1942	3.46e-05	49.7
PKY1m:258622-269217(+)	g10459.t1	38.760	129	79	0	5767	6153	1339	1467	3.14e-20	99.0
PKY1m:258622-269217(+)	g10459.t1	40.909	66	37	1	5554	5751	1202	1265	0.003	42.7
PKY1m:258622-269217(+)	g4188.t1	38.415	164	96	4	5650	6138	996	1155	4.08e-20	98.2
PKY1m:258622-269217(+)	g16430.t1	30.516	213	124	9	5551	6132	875	1082	4.26e-20	98.6
PKY1m:258622-269217(+)	g9768.t1	28.125	320	164	4	5206	5967	1334	1653	4.61e-20	98.6
PKY1m:258622-269217(+)	g10733.t1	34.826	201	104	9	5650	6219	716	900	6.15e-20	97.4
PKY1m:258622-269217(+)	g13318.t1	39.506	162	92	2	5632	6108	1456	1614	7.13e-20	97.8
PKY1m:258622-269217(+)	g2369.t1	28.986	207	103	6	5650	6150	1324	1526	1.08e-19	97.1
PKY1m:258622-269217(+)	g16308.t1	33.721	172	101	4	5665	6150	1474	1642	1.13e-19	97.1
PKY1m:258622-269217(+)	g14433.t1	30.688	189	109	7	5650	6165	1669	1852	1.13e-19	97.1
PKY1m:258622-269217(+)	g4191.t1	33.188	229	120	7	5539	6138	1484	1708	1.34e-19	97.1
PKY1m:258622-269217(+)	g10852.t1	34.597	211	119	8	5542	6150	1786	1985	1.54e-19	97.1
PKY1m:258622-269217(+)	g6149.t1	33.533	167	100	6	5650	6129	1289	1451	5.45e-19	94.7
PKY1m:258622-269217(+)	g11308.t1	33.673	196	114	4	5641	6225	1186	1366	7.56e-19	94.4
PKY1m:258622-269217(+)	g11308.t1	26.829	123	76	3	5233	5601	974	1082	0.008	41.6
PKY1m:258622-269217(+)	g16714.t1	31.658	199	101	6	5650	6150	1736	1931	9.50e-19	94.4
PKY1m:258622-269217(+)	g7542.t1	31.977	172	106	5	5665	6159	1267	1434	1.00e-18	94.0
PKY1m:258622-269217(+)	g11307.t1	36.000	175	104	4	5641	6153	1248	1418	1.61e-18	93.2
PKY1m:258622-269217(+)	g11307.t1	27.419	124	72	3	5236	5601	1026	1133	0.003	43.1
PKY1m:258622-269217(+)	g12199.t1	30.290	241	126	5	5542	6177	1721	1948	1.70e-18	93.2
PKY1m:258622-269217(+)	g12199.t1	33.824	68	45	0	5236	5439	1583	1650	5.46e-05	48.9
PKY1m:258622-269217(+)	g11306.t1	35.025	197	117	5	5584	6153	1317	1509	2.67e-18	92.4
PKY1m:258622-269217(+)	g3258.t1	31.525	295	152	8	5206	5964	2909	3195	3.08e-18	92.8
PKY1m:258622-269217(+)	g3258.t1	28.852	357	191	10	5257	6141	5304	5659	5.01e-18	92.0
PKY1m:258622-269217(+)	g11987.t1	39.645	169	95	4	5548	6045	332	496	3.59e-18	92.0
PKY1m:258622-269217(+)	g1695.t1	29.545	220	104	4	5632	6147	2433	2649	4.00e-18	92.0
PKY1m:258622-269217(+)	g8516.t1	32.547	212	128	8	5551	6150	1241	1449	4.43e-18	92.0
PKY1m:258622-269217(+)	g12681.t1	26.733	404	174	13	5239	6135	1246	1632	5.62e-18	91.7
PKY1m:258622-269217(+)	g6270.t1	29.221	308	159	11	5257	6150	2298	2556	5.73e-18	91.7
PKY1m:258622-269217(+)	g11305.t1	35.673	171	102	4	5641	6141	1228	1394	9.11e-18	90.9
PKY1m:258622-269217(+)	g11305.t1	28.000	125	72	3	5233	5601	1016	1124	0.003	43.1
PKY1m:258622-269217(+)	g16730.t1	41.406	128	64	2	5779	6141	1233	1356	1.07e-17	90.5
PKY1m:258622-269217(+)	g61.t1	37.956	137	82	1	5554	5964	70	203	1.13e-17	88.6
PKY1m:258622-269217(+)	g11301.t1	35.465	172	106	3	5641	6153	2379	2546	1.16e-17	90.5
PKY1m:258622-269217(+)	g11301.t1	39.286	112	64	2	5641	5973	1105	1213	7.39e-14	78.2
PKY1m:258622-269217(+)	g11301.t1	28.676	136	73	4	5200	5601	888	1001	0.002	43.9
PKY1m:258622-269217(+)	g4956.t1	32.353	170	105	3	5656	6138	621	789	1.62e-17	89.7
PKY1m:258622-269217(+)	g17220.t1	32.889	225	120	7	5539	6144	391	607	1.68e-17	89.7
PKY1m:258622-269217(+)	g6353.t1	35.468	203	109	8	5659	6231	368	560	2.15e-17	88.6
PKY1m:258622-269217(+)	g16380.t1	36.667	120	72	1	5779	6138	1841	1956	3.06e-17	89.4
PKY1m:258622-269217(+)	g16380.t1	32.031	128	82	2	5377	5748	1641	1767	5.37e-08	58.9
PKY1m:258622-269217(+)	g13760.t1	37.278	169	93	6	5650	6138	1265	1426	4.46e-17	88.6
PKY1m:258622-269217(+)	g8618.t1	31.308	214	121	9	5554	6159	260	459	4.47e-17	87.0
PKY1m:258622-269217(+)	g12408.t1	36.216	185	99	7	5605	6132	894	1068	4.52e-17	88.2
PKY1m:258622-269217(+)	g14684.t1	27.245	323	169	8	5236	6147	1195	1470	4.74e-17	88.6
PKY1m:258622-269217(+)	g4953.t1	26.545	275	147	7	5236	6030	3846	4075	4.95e-17	88.6
PKY1m:258622-269217(+)	g10542.t1	26.911	327	171	13	5221	6150	979	1254	5.94e-17	88.2
PKY1m:258622-269217(+)	g2441.t1	35.714	168	100	4	5545	6042	5953	6114	5.95e-17	88.6
PKY1m:258622-269217(+)	g6271.t1	28.339	307	164	11	5224	6126	251	507	7.38e-17	86.7
PKY1m:258622-269217(+)	g9959.t1	37.079	178	84	7	5647	6138	909	1072	8.52e-17	87.4
PKY1m:258622-269217(+)	g16304.t1	30.000	240	141	7	5539	6219	1272	1497	8.63e-17	87.8
PKY1m:258622-269217(+)	g4422.t1	29.904	311	158	12	5254	6138	757	1023	1.06e-16	87.0
PKY1m:258622-269217(+)	g4423.t1	29.677	310	161	12	5254	6138	459	726	1.60e-16	86.3
PKY1m:258622-269217(+)	g9916.t1	32.584	178	99	8	5650	6153	999	1165	2.08e-16	86.3
PKY1m:258622-269217(+)	g12688.t1	26.992	389	195	11	5239	6147	1226	1611	2.20e-16	86.3
PKY1m:258622-269217(+)	g6268.t1	26.159	302	168	10	5257	6138	2266	2520	2.36e-16	86.3
PKY1m:258622-269217(+)	g11802.t1	27.397	365	190	12	5245	6153	1680	2031	2.38e-16	86.3
PKY1m:258622-269217(+)	g10896.t1	29.358	327	172	11	5218	6159	1640	1920	2.71e-16	86.3
PKY1m:258622-269217(+)	g11138.t1	32.948	173	108	3	5650	6165	1150	1315	2.80e-16	85.9
PKY1m:258622-269217(+)	g16311.t1	31.019	216	124	6	5539	6147	1621	1824	3.06e-16	85.9
PKY1m:258622-269217(+)	g9915.t1	32.584	178	99	8	5650	6153	1191	1357	3.68e-16	85.5
PKY1m:258622-269217(+)	g9352.t1	30.141	355	168	17	5254	6201	651	964	3.93e-16	85.1
PKY1m:258622-269217(+)	g3107.t1	24.390	410	216	12	5197	6189	1746	2140	4.86e-16	85.5
PKY1m:258622-269217(+)	g10475.t1	37.903	124	77	0	5767	6138	946	1069	5.15e-16	84.7
PKY1m:258622-269217(+)	g6438.t1	28.571	315	167	12	5254	6165	322	589	6.52e-16	84.3
PKY1m:258622-269217(+)	g4987.t1	29.721	323	163	12	5257	6177	1433	1707	1.07e-15	84.0
PKY1m:258622-269217(+)	g15132.t1	36.747	166	92	6	5659	6138	990	1148	1.13e-15	84.0
PKY1m:258622-269217(+)	g3560.t1	26.994	326	159	12	5224	6141	193	459	1.24e-15	84.0
PKY1m:258622-269217(+)	g12201.t1	31.579	228	128	3	5542	6150	1632	1856	1.46e-15	83.6
PKY1m:258622-269217(+)	g12201.t1	31.579	76	49	1	5212	5439	1489	1561	4.94e-05	48.9
PKY1m:258622-269217(+)	g6332.t1	38.583	127	73	3	5779	6147	1433	1558	1.53e-15	83.6
PKY1m:258622-269217(+)	g6332.t1	48.780	41	21	0	5647	5769	1320	1360	8.86e-04	44.7
PKY1m:258622-269217(+)	g6269.t1	27.273	308	165	10	5257	6150	2218	2476	1.58e-15	83.6
PKY1m:258622-269217(+)	g2725.t1	27.473	273	128	7	5539	6150	739	1010	1.89e-15	83.2
PKY1m:258622-269217(+)	g5328.t1	33.962	212	114	9	5650	6234	1441	1643	1.95e-15	83.2
PKY1m:258622-269217(+)	g3981.t1	27.451	306	171	9	5233	6138	1920	2178	2.06e-15	83.2
PKY1m:258622-269217(+)	g10155.t1	30.000	210	118	10	5563	6138	1125	1323	2.06e-15	83.2
PKY1m:258622-269217(+)	g3539.t1	33.113	151	96	2	5668	6114	2223	2370	2.86e-15	82.8
PKY1m:258622-269217(+)	g13884.t1	33.500	200	110	8	5554	6138	554	735	3.29e-15	82.8
PKY1m:258622-269217(+)	g6338.t1	30.247	324	168	12	5218	6150	1750	2028	6.07e-15	81.6
PKY1m:258622-269217(+)	g2883.t1	30.476	210	132	5	5542	6147	242	445	7.86e-15	79.7
PKY1m:258622-269217(+)	g13541.t1	29.730	222	114	9	5551	6147	2474	2676	8.17e-15	81.3
PKY1m:258622-269217(+)	g17486.t1	34.759	187	82	8	5659	6150	789	958	1.22e-14	80.5
PKY1m:258622-269217(+)	g7175.t1	26.844	339	184	9	5233	6201	222	512	1.26e-14	79.7
PKY1m:258622-269217(+)	g7895.t1	30.932	236	112	8	5542	6126	118	343	1.32e-14	80.1
PKY1m:258622-269217(+)	g4359.t1	26.715	277	137	7	5548	6189	1149	1422	1.44e-14	80.5
PKY1m:258622-269217(+)	g10225.t1	35.503	169	92	7	5650	6132	952	1111	2.22e-14	79.7
PKY1m:258622-269217(+)	g15696.t1	25.723	311	161	10	5233	6141	46	294	2.38e-14	76.3
PKY1m:258622-269217(+)	g9351.t1	28.267	329	163	14	5254	6138	615	904	2.64e-14	79.3
PKY1m:258622-269217(+)	g9674.t1	30.606	330	181	15	5236	6153	1607	1912	2.73e-14	79.3
PKY1m:258622-269217(+)	g14927.t1	31.016	187	106	9	5617	6138	513	689	2.81e-14	79.0
PKY1m:258622-269217(+)	g11692.t1	32.948	173	100	3	5650	6150	1047	1209	3.48e-14	79.0
PKY1m:258622-269217(+)	g3351.t1	33.835	133	79	4	5770	6141	1879	2011	3.75e-14	79.0
PKY1m:258622-269217(+)	g3237.t1	31.915	188	111	2	5233	5745	1232	1419	3.87e-14	79.0
PKY1m:258622-269217(+)	g3237.t1	33.824	68	45	0	5782	5985	1500	1567	0.002	43.9
PKY1m:258622-269217(+)	g12293.t1	37.008	127	71	2	5779	6138	1501	1625	3.94e-14	79.0
PKY1m:258622-269217(+)	g16975.t1	28.308	325	158	16	5254	6138	770	1049	4.27e-14	78.6
PKY1m:258622-269217(+)	g10156.t1	28.436	211	122	9	5563	6138	1169	1369	4.46e-14	78.6
PKY1m:258622-269217(+)	g3872.t1	42.000	100	54	3	5860	6150	1845	1943	4.80e-14	78.6
PKY1m:258622-269217(+)	g3872.t1	37.931	58	33	1	5650	5823	1688	1742	4.17e-05	49.3
PKY1m:258622-269217(+)	g6532.t1	30.108	186	106	3	5650	6138	1318	1502	4.88e-14	78.6
PKY1m:258622-269217(+)	g13930.t1	36.719	128	70	3	5779	6141	1844	1967	4.94e-14	78.6
PKY1m:258622-269217(+)	g5346.t1	29.467	319	156	17	5245	6138	756	1026	5.42e-14	78.2
PKY1m:258622-269217(+)	g14008.t2	24.161	298	181	7	5236	6129	15	267	6.82e-14	77.0
PKY1m:258622-269217(+)	g12683.t1	27.273	396	184	12	5239	6138	2780	3167	6.89e-14	78.2
PKY1m:258622-269217(+)	g7433.t1	24.745	392	172	13	5257	6198	159	505	7.49e-14	77.0
PKY1m:258622-269217(+)	g14008.t1	24.161	298	181	7	5236	6129	15	267	7.70e-14	76.6
PKY1m:258622-269217(+)	g12674.t1	34.286	175	98	5	5650	6153	1634	1798	8.07e-14	77.8
PKY1m:258622-269217(+)	g3680.t1	27.076	277	145	9	5245	6069	17	238	9.19e-14	77.4
PKY1m:258622-269217(+)	g15827.t1	33.155	187	105	6	5650	6177	642	819	9.56e-14	77.4
PKY1m:258622-269217(+)	g9536.t1	32.934	167	102	4	5659	6150	958	1117	9.94e-14	77.4
PKY1m:258622-269217(+)	g4375.t1	32.370	173	104	6	5650	6150	75	240	1.64e-13	73.6
PKY1m:258622-269217(+)	g11822.t1	32.075	212	124	6	5545	6153	1485	1685	2.16e-13	76.6
PKY1m:258622-269217(+)	g14928.t1	31.694	183	108	8	5617	6138	752	926	2.55e-13	75.9
PKY1m:258622-269217(+)	g3671.t1	33.721	172	98	5	5650	6150	993	1153	2.86e-13	76.3
PKY1m:258622-269217(+)	g13544.t1	25.543	368	177	14	5197	6150	1032	1352	2.86e-13	76.3
PKY1m:258622-269217(+)	g6282.t1	24.928	349	200	12	5257	6273	2283	2579	3.01e-13	76.3
PKY1m:258622-269217(+)	g1634.t1	33.708	178	101	7	5632	6138	550	719	6.35e-13	74.3
PKY1m:258622-269217(+)	g4618.t1	22.697	304	180	9	5227	6132	1	251	6.88e-13	73.9
PKY1m:258622-269217(+)	g12823.t1	29.348	276	142	9	5359	6159	1458	1689	6.92e-13	75.1
PKY1m:258622-269217(+)	g12823.t1	28.938	273	141	9	5359	6150	3113	3341	1.52e-12	73.9
PKY1m:258622-269217(+)	g4376.t1	31.214	173	106	6	5650	6150	70	235	7.63e-13	73.2
PKY1m:258622-269217(+)	g13447.t1	34.302	172	91	8	5659	6138	1026	1187	9.77e-13	74.3
PKY1m:258622-269217(+)	g5435.t1	26.645	304	172	13	5254	6138	870	1131	1.13e-12	73.9
PKY1m:258622-269217(+)	g4441.t2	36.047	172	89	6	5656	6138	945	1106	1.77e-12	73.2
PKY1m:258622-269217(+)	g6580.t1	29.381	194	114	4	5233	5745	1499	1692	1.79e-12	73.6
PKY1m:258622-269217(+)	g6580.t1	40.000	60	36	0	5788	5967	1779	1838	0.001	44.3
PKY1m:258622-269217(+)	g4654.t1	28.481	316	150	16	5257	6138	708	969	1.80e-12	73.2
PKY1m:258622-269217(+)	g4441.t1	36.047	172	89	6	5656	6138	1012	1173	2.29e-12	72.8
PKY1m:258622-269217(+)	g6051.t1	32.164	171	98	6	5659	6138	645	808	2.36e-12	72.8
PKY1m:258622-269217(+)	g10750.t1	34.706	170	95	7	5650	6138	958	1118	2.48e-12	72.8
PKY1m:258622-269217(+)	g9653.t1	31.795	195	99	9	5650	6177	806	985	2.51e-12	72.8
PKY1m:258622-269217(+)	g16405.t1	31.183	186	107	7	5650	6174	915	1090	2.54e-12	72.8
PKY1m:258622-269217(+)	g16785.t1	33.714	175	95	6	5653	6147	2563	2726	2.61e-12	73.2
PKY1m:258622-269217(+)	g644.t1	27.835	194	125	5	5554	6132	41	220	2.90e-12	72.4
PKY1m:258622-269217(+)	g12690.t1	27.303	304	147	10	5239	5964	1287	1578	2.93e-12	72.8
PKY1m:258622-269217(+)	g10894.t1	32.955	176	98	7	5650	6153	2190	2353	3.11e-12	72.8
PKY1m:258622-269217(+)	g10746.t1	24.561	342	188	12	5230	6183	861	1156	3.46e-12	72.4
PKY1m:258622-269217(+)	g3561.t1	32.418	182	87	8	5659	6141	67	233	3.73e-12	72.4
PKY1m:258622-269217(+)	g7943.t1	30.899	178	109	6	5632	6138	578	750	5.32e-12	71.6
PKY1m:258622-269217(+)	g9971.t1	24.484	339	172	13	5206	6141	95	376	6.41e-12	71.6
PKY1m:258622-269217(+)	g7984.t1	31.250	160	73	3	5782	6150	1814	1973	8.21e-12	71.2
PKY1m:258622-269217(+)	g25.t1	35.965	114	58	4	5650	5955	2008	2118	8.44e-12	71.2
PKY1m:258622-269217(+)	g6977.t1	25.556	360	167	14	5233	6150	1868	2180	8.50e-12	71.2
PKY1m:258622-269217(+)	g12441.t1	27.368	190	120	5	5563	6129	319	491	9.42e-12	70.9
PKY1m:258622-269217(+)	g9341.t1	40.000	100	58	1	5866	6159	1534	1633	9.75e-12	71.2
PKY1m:258622-269217(+)	g16748.t1	33.333	171	90	10	5659	6138	720	877	1.65e-11	70.1
PKY1m:258622-269217(+)	g3685.t1	29.032	124	80	2	5782	6138	840	960	1.94e-11	70.1
PKY1m:258622-269217(+)	g14926.t1	30.539	167	100	7	5617	6087	586	746	2.54e-11	69.3
PKY1m:258622-269217(+)	g8095.t1	25.667	300	166	12	5254	6132	176	425	3.09e-11	68.9
PKY1m:258622-269217(+)	g10097.t1	33.553	152	77	6	5551	5979	129	265	3.09e-11	68.6
PKY1m:258622-269217(+)	g13312.t1	31.214	173	97	8	5650	6138	1877	2037	3.48e-11	69.3
PKY1m:258622-269217(+)	g5415.t1	29.310	290	132	14	5245	6030	817	1061	3.83e-11	68.9
PKY1m:258622-269217(+)	g4419.t1	27.139	339	162	13	5251	6138	1572	1868	3.94e-11	68.9
PKY1m:258622-269217(+)	g11903.t1	35.294	102	61	3	5860	6150	2399	2500	4.19e-11	68.9
PKY1m:258622-269217(+)	g11903.t1	38.889	54	30	1	5647	5808	2257	2307	3.17e-04	46.2
PKY1m:258622-269217(+)	g8170.t1	29.384	211	92	8	5659	6138	658	862	6.01e-11	68.2
PKY1m:258622-269217(+)	g6579.t2	29.381	194	115	3	5233	5748	1892	2085	6.17e-11	68.6
PKY1m:258622-269217(+)	g6579.t2	39.062	64	38	1	5782	5970	2173	2236	0.004	42.7
PKY1m:258622-269217(+)	g6579.t1	29.381	194	115	3	5233	5748	1892	2085	6.28e-11	68.6
PKY1m:258622-269217(+)	g6579.t1	39.683	63	38	0	5782	5970	2173	2235	1.46e-04	47.4
PKY1m:258622-269217(+)	g7605.t1	26.761	355	173	15	5248	6153	483	803	7.82e-11	67.8
PKY1m:258622-269217(+)	g220.t1	32.584	178	100	9	5554	6084	103	261	8.50e-11	67.0
PKY1m:258622-269217(+)	g13922.t1	36.458	96	59	2	5860	6141	2046	2141	9.91e-11	67.8
PKY1m:258622-269217(+)	g13922.t1	40.000	60	33	1	5650	5829	1887	1943	1.30e-05	50.8
PKY1m:258622-269217(+)	g10548.t1	26.943	193	124	5	5554	6132	77	252	1.02e-10	67.4
PKY1m:258622-269217(+)	g7661.t1	24.252	301	165	13	5233	6114	7	251	1.11e-10	66.6
PKY1m:258622-269217(+)	g939.t1	35.659	129	74	5	5650	6030	1191	1312	1.24e-10	67.4
PKY1m:258622-269217(+)	g13752.t1	26.384	307	171	12	5245	6138	615	875	1.30e-10	67.0
PKY1m:258622-269217(+)	g8377.t1	29.255	188	117	5	5554	6114	39	211	1.33e-10	67.0
PKY1m:258622-269217(+)	g7661.t2	24.252	301	165	13	5233	6114	7	251	1.34e-10	66.6
PKY1m:258622-269217(+)	g12551.t1	24.918	305	170	11	5251	6132	1370	1626	1.81e-10	67.0
PKY1m:258622-269217(+)	g17257.t2	22.917	192	133	5	5554	6129	85	261	1.86e-10	66.2
PKY1m:258622-269217(+)	g17257.t1	22.917	192	133	5	5554	6129	85	261	1.87e-10	66.2
PKY1m:258622-269217(+)	g16942.t1	24.342	304	170	8	5257	6135	129	383	2.46e-10	66.2
PKY1m:258622-269217(+)	g6068.t1	34.857	175	89	9	5650	6138	1200	1361	2.49e-10	66.2
PKY1m:258622-269217(+)	g6050.t1	29.319	191	108	7	5623	6138	679	861	2.74e-10	66.2
PKY1m:258622-269217(+)	g5877.t1	27.957	186	108	5	5233	5754	1103	1274	2.74e-10	66.2
PKY1m:258622-269217(+)	g5877.t1	35.484	124	70	4	5779	6141	1360	1476	3.33e-10	65.9
PKY1m:258622-269217(+)	g14162.t1	32.843	204	96	12	5542	6096	214	395	3.24e-10	65.1
PKY1m:258622-269217(+)	g6620.t1	29.897	194	113	3	5233	5745	1139	1332	3.82e-10	65.9
PKY1m:258622-269217(+)	g6620.t1	38.095	63	39	0	5782	5970	1416	1478	2.96e-04	46.2
PKY1m:258622-269217(+)	g720.t1	29.268	205	126	7	5629	6228	101	291	3.90e-10	65.5
PKY1m:258622-269217(+)	g6379.t2	30.102	196	102	6	5233	5754	1778	1960	4.07e-10	65.9
PKY1m:258622-269217(+)	g6379.t2	38.710	62	38	0	5782	5967	2196	2257	0.003	43.1
PKY1m:258622-269217(+)	g6379.t1	30.102	196	102	6	5233	5754	1779	1961	4.07e-10	65.9
PKY1m:258622-269217(+)	g6379.t1	38.710	62	38	0	5782	5967	2197	2258	0.003	43.1
PKY1m:258622-269217(+)	g11515.t1	33.981	103	62	1	5860	6150	465	567	4.91e-10	65.1
PKY1m:258622-269217(+)	g12215.t1	32.353	170	99	9	5650	6138	1160	1320	5.10e-10	65.5
PKY1m:258622-269217(+)	g2129.t1	24.516	310	188	8	5209	6129	459	725	5.20e-10	65.1
PKY1m:258622-269217(+)	g16584.t1	31.884	207	108	10	5554	6126	592	781	7.44e-10	64.7
PKY1m:258622-269217(+)	g15933.t1	30.151	199	124	9	5539	6126	119	305	8.34e-10	63.5
PKY1m:258622-269217(+)	g10138.t1	33.846	130	64	4	5863	6204	333	456	8.38e-10	63.5
PKY1m:258622-269217(+)	g10138.t1	36.634	101	54	4	5536	5829	160	253	1.21e-06	53.5
PKY1m:258622-269217(+)	g4048.t1	26.871	294	160	12	5251	6111	21	266	1.13e-09	63.9
PKY1m:258622-269217(+)	g10805.t1	39.216	102	56	4	5860	6150	2938	3038	1.20e-09	64.3
PKY1m:258622-269217(+)	g10805.t1	38.182	55	31	1	5659	5823	2531	2582	8.38e-04	45.1
PKY1m:258622-269217(+)	g15004.t1	35.032	157	74	8	5725	6150	20	163	1.64e-09	63.5
PKY1m:258622-269217(+)	g4957.t1	28.000	125	84	2	5779	6138	1897	2020	1.79e-09	63.5
PKY1m:258622-269217(+)	g9681.t1	28.846	208	118	9	5551	6132	777	968	2.07e-09	63.2
PKY1m:258622-269217(+)	g5871.t1	24.762	315	185	11	5224	6138	566	838	2.11e-09	63.2
PKY1m:258622-269217(+)	g2322.t1	35.577	104	61	4	5866	6162	2	104	3.23e-09	58.5
PKY1m:258622-269217(+)	g7547.t1	26.203	187	122	5	5554	6111	96	267	3.31e-09	62.0
PKY1m:258622-269217(+)	g6380.t1	31.319	182	116	4	5233	5751	1830	2011	3.32e-09	62.8
PKY1m:258622-269217(+)	g6380.t1	38.333	60	37	0	5788	5967	2101	2160	0.004	42.7
PKY1m:258622-269217(+)	g7254.t1	26.108	203	134	6	5551	6153	133	321	3.51e-09	61.6
PKY1m:258622-269217(+)	g15531.t1	22.848	302	182	9	5230	6129	1	253	3.80e-09	62.4
PKY1m:258622-269217(+)	g8184.t1	27.273	209	115	7	5551	6129	315	502	4.12e-09	62.0
PKY1m:258622-269217(+)	g5370.t1	34.091	132	72	6	5650	6030	663	784	5.35e-09	61.6
PKY1m:258622-269217(+)	g221.t1	24.432	352	197	11	5230	6231	1	301	5.50e-09	61.6
PKY1m:258622-269217(+)	g221.t2	24.432	352	197	11	5230	6231	1	301	6.05e-09	61.6
PKY1m:258622-269217(+)	g6536.t1	33.750	80	53	0	5890	6129	1720	1799	8.76e-09	61.2
PKY1m:258622-269217(+)	g6536.t1	24.206	252	130	8	5230	5823	1138	1382	4.82e-06	52.4
PKY1m:258622-269217(+)	g16240.t1	36.667	120	68	5	5812	6153	1649	1766	1.32e-08	60.8
PKY1m:258622-269217(+)	g16240.t1	30.303	132	47	4	5554	5823	1413	1541	7.99e-06	51.6
PKY1m:258622-269217(+)	g3965.t1	32.584	89	53	1	5902	6147	1472	1560	1.37e-08	60.8
PKY1m:258622-269217(+)	g3965.t1	34.737	95	57	3	5542	5820	1273	1364	8.60e-06	51.6
PKY1m:258622-269217(+)	g2700.t1	37.624	101	59	3	5860	6153	521	620	1.50e-08	60.1
PKY1m:258622-269217(+)	g2700.t1	39.655	58	32	1	5650	5823	252	306	2.69e-06	52.8
PKY1m:258622-269217(+)	g6405.t1	36.607	112	57	4	5851	6147	2003	2113	1.65e-08	60.5
PKY1m:258622-269217(+)	g6405.t1	36.283	113	57	4	5851	6147	3118	3229	8.75e-08	58.2
PKY1m:258622-269217(+)	g6405.t1	32.743	113	62	4	5851	6150	852	963	3.65e-05	49.3
PKY1m:258622-269217(+)	g10496.t1	29.747	158	92	7	5650	6096	698	845	1.68e-08	60.5
PKY1m:258622-269217(+)	g3257.t1	35.833	120	59	2	5659	5964	2198	2317	2.17e-08	60.1
PKY1m:258622-269217(+)	g12630.t1	26.994	163	95	6	5554	6021	103	248	2.52e-08	58.9
PKY1m:258622-269217(+)	g4108.t1	28.931	159	106	3	5671	6132	169	325	2.72e-08	59.3
PKY1m:258622-269217(+)	g1545.t1	34.821	112	62	1	5851	6153	1060	1171	3.31e-08	59.3
PKY1m:258622-269217(+)	g11532.t1	34.821	112	62	1	5851	6153	1115	1226	4.58e-08	58.9
PKY1m:258622-269217(+)	g11532.t1	34.409	93	52	3	5551	5823	139	224	6.01e-04	45.4
PKY1m:258622-269217(+)	g5814.t1	31.818	132	60	4	5548	5880	1807	1929	5.46e-08	58.9
PKY1m:258622-269217(+)	g5814.t1	38.710	93	53	3	5860	6129	2022	2113	1.31e-07	57.4
PKY1m:258622-269217(+)	g1002.t1	25.220	341	202	15	5227	6180	46	356	5.85e-08	57.8
PKY1m:258622-269217(+)	g9661.t1	35.135	111	61	1	5851	6150	1023	1133	6.43e-08	58.5
PKY1m:258622-269217(+)	g2750.t1	32.335	167	79	8	5683	6129	813	963	6.53e-08	58.2
PKY1m:258622-269217(+)	g5815.t1	39.785	93	52	3	5860	6129	2052	2143	7.15e-08	58.5
PKY1m:258622-269217(+)	g5815.t1	32.203	118	50	3	5551	5823	1821	1935	2.84e-07	56.2
PKY1m:258622-269217(+)	g4117.t1	29.697	165	99	4	5671	6135	163	320	7.45e-08	57.8
PKY1m:258622-269217(+)	g16083.t1	40.000	95	45	4	5869	6129	2076	2166	8.92e-08	58.2
PKY1m:258622-269217(+)	g1369.t1	22.305	269	156	7	5215	6015	57	274	9.08e-08	56.6
PKY1m:258622-269217(+)	g16774.t1	38.235	102	52	3	5659	5955	2143	2236	9.09e-08	58.2
PKY1m:258622-269217(+)	g14703.t1	29.609	179	104	6	5554	6081	127	286	9.30e-08	56.6
PKY1m:258622-269217(+)	g11926.t1	33.036	112	54	3	5542	5823	1678	1786	9.58e-08	57.8
PKY1m:258622-269217(+)	g7592.t1	35.714	140	68	6	5623	6012	452	579	1.30e-07	57.0
PKY1m:258622-269217(+)	g13926.t1	33.663	101	64	1	5860	6153	1400	1500	1.37e-07	57.4
PKY1m:258622-269217(+)	g16193.t1	25.628	199	127	6	5551	6132	80	262	1.64e-07	57.0
PKY1m:258622-269217(+)	g12238.t1	35.246	122	59	4	5851	6192	1180	1289	1.85e-07	57.0
PKY1m:258622-269217(+)	g5959.t1	30.380	158	89	8	5551	6012	129	269	1.94e-07	56.2
PKY1m:258622-269217(+)	g6550.t1	28.037	214	114	8	5551	6117	1479	1677	3.13e-07	56.2
PKY1m:258622-269217(+)	g4124.t1	23.770	244	131	7	5539	6129	1285	1520	3.36e-07	56.2
PKY1m:258622-269217(+)	g11343.t1	25.888	197	129	6	5545	6126	36	218	4.57e-07	55.5
PKY1m:258622-269217(+)	g5227.t1	26.500	200	125	7	5551	6135	1364	1546	4.97e-07	55.5
PKY1m:258622-269217(+)	g2677.t1	25.806	217	100	6	5650	6138	532	741	5.08e-07	55.1
PKY1m:258622-269217(+)	g16210.t1	33.333	114	68	3	5647	5973	157	267	6.38e-07	54.3
PKY1m:258622-269217(+)	g9489.t1	28.571	189	113	6	5632	6171	779	954	6.80e-07	55.1
PKY1m:258622-269217(+)	g8848.t1	25.126	199	117	6	5554	6114	120	298	7.20e-07	54.7
PKY1m:258622-269217(+)	g8460.t1	30.986	142	82	5	5554	5979	763	888	7.91e-07	54.7
PKY1m:258622-269217(+)	g10375.t1	27.014	211	112	9	5551	6129	332	518	8.79e-07	54.3
PKY1m:258622-269217(+)	g5064.t1	44.444	90	43	5	5551	5811	65	150	9.36e-07	54.7
PKY1m:258622-269217(+)	g5064.t1	32.143	112	63	3	5851	6150	2011	2121	1.96e-05	50.4
PKY1m:258622-269217(+)	g1911.t1	24.528	265	149	12	5233	6018	64	280	9.64e-07	53.9
PKY1m:258622-269217(+)	g4118.t1	30.814	172	87	7	5671	6132	149	306	1.00e-06	54.3
PKY1m:258622-269217(+)	g2892.t1	31.624	117	64	4	5635	5979	127	229	1.33e-06	54.3
PKY1m:258622-269217(+)	g6568.t1	31.193	109	64	3	5638	5964	659	756	1.36e-06	53.9
PKY1m:258622-269217(+)	g10021.t1	24.885	217	122	6	5539	6111	25	226	1.48e-06	53.9
PKY1m:258622-269217(+)	g13720.t1	33.871	124	72	3	5785	6138	2432	2551	1.58e-06	53.9
PKY1m:258622-269217(+)	g13720.t2	33.871	124	72	3	5785	6138	2433	2552	1.58e-06	53.9
PKY1m:258622-269217(+)	g9937.t1	32.479	117	64	3	5851	6156	1030	1146	1.63e-06	53.9
PKY1m:258622-269217(+)	g10480.t1	29.078	141	85	5	5554	5976	132	257	1.73e-06	53.5
PKY1m:258622-269217(+)	g14016.t1	29.448	163	73	7	5554	5976	1	143	1.81e-06	52.4
PKY1m:258622-269217(+)	g10467.t1	26.667	165	101	6	5647	6114	320	473	1.90e-06	53.1
PKY1m:258622-269217(+)	g10467.t2	26.667	165	101	6	5647	6114	321	474	1.90e-06	53.1
PKY1m:258622-269217(+)	g1718.t1	27.879	165	89	6	5548	5976	108	264	1.92e-06	52.4
PKY1m:258622-269217(+)	g9677.t1	23.148	324	184	10	5203	6132	883	1155	1.94e-06	53.5
PKY1m:258622-269217(+)	g8088.t1	26.543	162	88	7	5551	6012	249	387	2.17e-06	53.5
PKY1m:258622-269217(+)	g4047.t1	24.324	296	166	11	5248	6111	26	271	2.21e-06	53.1
PKY1m:258622-269217(+)	g3807.t1	28.387	155	95	4	5554	6018	110	248	2.22e-06	52.8
PKY1m:258622-269217(+)	g12021.t1	25.243	206	91	8	5650	6132	2253	2440	2.66e-06	53.1
PKY1m:258622-269217(+)	g138.t1	24.017	229	128	6	5539	6138	116	327	3.18e-06	52.4
PKY1m:258622-269217(+)	g3684.t1	26.882	93	68	0	5860	6138	999	1091	3.30e-06	52.8
PKY1m:258622-269217(+)	g17501.t2	24.204	157	91	4	5707	6135	325	467	3.65e-06	52.4
PKY1m:258622-269217(+)	g17501.t1	24.204	157	91	4	5707	6135	335	477	3.79e-06	52.4
PKY1m:258622-269217(+)	g2719.t1	27.670	206	102	6	5650	6144	119	318	4.33e-06	52.4
PKY1m:258622-269217(+)	g14668.t1	32.407	108	59	3	5860	6153	595	698	4.42e-06	52.0
PKY1m:258622-269217(+)	g14668.t1	29.825	114	61	5	5554	5871	167	269	0.002	43.5
PKY1m:258622-269217(+)	g16861.t1	25.581	172	108	6	5647	6132	69	230	4.97e-06	52.0
PKY1m:258622-269217(+)	g4155.t1	28.659	164	100	4	5671	6132	150	306	5.03e-06	52.0
PKY1m:258622-269217(+)	g6078.t1	28.188	149	80	5	5551	5976	2505	2633	5.35e-06	52.4
PKY1m:258622-269217(+)	g6078.t1	43.137	51	29	0	5998	6150	2696	2746	0.002	43.9
PKY1m:258622-269217(+)	g1152.t1	26.702	191	115	10	5554	6111	141	311	5.68e-06	51.6
PKY1m:258622-269217(+)	g17060.t1	30.137	146	81	7	5554	5976	101	230	6.53e-06	50.8
PKY1m:258622-269217(+)	g11747.t1	30.380	158	74	7	5551	5973	471	609	7.30e-06	51.2
PKY1m:258622-269217(+)	g77.t1	35.443	79	45	2	5920	6138	1268	1346	8.19e-06	51.6
PKY1m:258622-269217(+)	g10684.t1	23.826	298	167	12	5239	6111	10	254	8.30e-06	51.2
PKY1m:258622-269217(+)	g2718.t1	27.670	206	102	6	5650	6144	133	332	9.96e-06	51.2
PKY1m:258622-269217(+)	g70.t1	35.443	79	45	2	5920	6138	1400	1478	1.09e-05	51.2
PKY1m:258622-269217(+)	g15139.t1	36.893	103	52	6	5860	6138	14	113	1.45e-05	47.4
PKY1m:258622-269217(+)	g7824.t1	32.407	108	57	4	5860	6141	1019	1124	1.58e-05	50.4
PKY1m:258622-269217(+)	g9155.t1	40.000	65	39	0	5770	5964	1981	2045	1.83e-05	50.4
PKY1m:258622-269217(+)	g9155.t1	40.000	70	40	2	5233	5436	1617	1686	2.67e-04	46.6
PKY1m:258622-269217(+)	g5136.t1	35.938	64	41	0	5776	5967	2433	2496	1.94e-05	50.4
PKY1m:258622-269217(+)	g1296.t1	24.111	253	139	10	5227	5976	35	237	2.02e-05	49.7
PKY1m:258622-269217(+)	g14789.t1	25.000	180	88	6	5671	6114	109	273	2.04e-05	49.7
PKY1m:258622-269217(+)	g11022.t1	24.460	278	138	8	5212	5964	516	748	2.36e-05	49.7
PKY1m:258622-269217(+)	g9432.t1	22.078	154	99	3	5704	6132	915	1058	3.15e-05	49.7
PKY1m:258622-269217(+)	g139.t1	23.858	197	109	4	5635	6138	163	347	3.15e-05	49.3
PKY1m:258622-269217(+)	g1440.t1	34.028	144	82	7	5779	6192	1857	1993	3.70e-05	49.3
PKY1m:258622-269217(+)	g8869.t1	27.215	158	100	5	5635	6108	688	830	3.89e-05	49.3
PKY1m:258622-269217(+)	g5047.t1	32.407	108	62	1	5851	6141	676	783	3.96e-05	48.9
PKY1m:258622-269217(+)	g9182.t1	25.000	272	142	12	5257	6000	223	456	4.00e-05	48.9
PKY1m:258622-269217(+)	g13996.t1	29.221	154	79	4	5548	5967	77	214	4.04e-05	48.1
PKY1m:258622-269217(+)	g8467.t1	22.705	207	129	6	5551	6126	654	844	4.11e-05	48.9
PKY1m:258622-269217(+)	g4496.t1	42.105	76	38	4	5536	5757	1718	1789	5.05e-05	48.9
PKY1m:258622-269217(+)	g5096.t1	29.762	168	87	6	5605	6096	640	780	5.31e-05	48.9
PKY1m:258622-269217(+)	g7077.t1	45.902	61	33	0	5782	5964	1907	1967	5.73e-05	48.9
PKY1m:258622-269217(+)	g13531.t1	21.786	280	142	11	5203	5985	115	336	6.83e-05	48.1
PKY1m:258622-269217(+)	g9689.t1	27.273	220	132	10	5545	6171	946	1148	7.07e-05	48.5
PKY1m:258622-269217(+)	g8036.t1	28.289	152	87	6	5554	5976	152	292	7.26e-05	48.1
PKY1m:258622-269217(+)	g14039.t1	28.226	124	75	5	5617	5988	796	905	7.51e-05	48.1
PKY1m:258622-269217(+)	g4951.t1	47.500	40	21	0	5911	6030	1	40	7.87e-05	46.6
PKY1m:258622-269217(+)	g4952.t1	47.500	40	21	0	5911	6030	1	40	7.87e-05	46.6
PKY1m:258622-269217(+)	g2167.t1	24.444	135	94	3	5632	6033	94	221	9.27e-05	48.1
PKY1m:258622-269217(+)	g9030.t1	33.621	116	64	3	5809	6117	1201	1316	9.27e-05	48.1
PKY1m:258622-269217(+)	g1147.t1	28.472	144	84	6	5581	6006	741	867	1.03e-04	47.8
PKY1m:258622-269217(+)	g16199.t1	28.986	207	108	9	5551	6126	478	660	1.16e-04	47.4
PKY1m:258622-269217(+)	g1355.t1	33.333	99	62	2	5851	6138	2608	2705	1.22e-04	47.8
PKY1m:258622-269217(+)	g11644.t1	23.282	262	148	8	5230	5973	783	1005	1.23e-04	47.8
PKY1m:258622-269217(+)	g7617.t1	25.943	212	124	7	5554	6132	146	343	1.26e-04	47.0
PKY1m:258622-269217(+)	g9723.t1	29.801	151	88	5	5752	6150	2292	2442	1.27e-04	47.8
PKY1m:258622-269217(+)	g7232.t1	25.455	165	95	5	5683	6135	445	595	1.35e-04	47.4
PKY1m:258622-269217(+)	g11878.t1	31.092	119	74	4	5554	5892	324	440	1.37e-04	47.0
PKY1m:258622-269217(+)	g9719.t1	30.986	142	81	4	5776	6150	2195	2336	1.42e-04	47.4
PKY1m:258622-269217(+)	g8183.t1	27.551	196	118	8	5554	6132	110	284	1.44e-04	47.4
PKY1m:258622-269217(+)	g3385.t1	31.373	153	89	7	5554	6012	131	267	1.52e-04	47.4
PKY1m:258622-269217(+)	g2826.t1	25.188	266	136	11	5230	5982	1	218	1.55e-04	47.4
PKY1m:258622-269217(+)	g14743.t1	26.429	140	85	5	5671	6081	504	628	1.80e-04	47.0
PKY1m:258622-269217(+)	g1885.t1	28.000	200	117	10	5551	6135	1763	1940	1.97e-04	47.0
PKY1m:258622-269217(+)	g7158.t1	28.846	156	80	7	5551	5976	518	656	2.09e-04	46.6
PKY1m:258622-269217(+)	g9162.t1	28.682	129	79	4	5638	6018	531	648	2.40e-04	46.6
PKY1m:258622-269217(+)	g3890.t1	23.784	185	93	7	5554	6039	133	292	2.46e-04	46.6
PKY1m:258622-269217(+)	g835.t1	25.806	124	78	3	5647	6003	128	242	2.61e-04	46.6
PKY1m:258622-269217(+)	g4135.t1	29.936	157	74	7	5581	6033	521	647	2.82e-04	46.2
PKY1m:258622-269217(+)	g12420.t1	29.299	157	79	6	5551	5976	85	224	2.98e-04	46.2
PKY1m:258622-269217(+)	g852.t1	27.586	116	72	3	5641	5982	105	210	2.99e-04	46.2
PKY1m:258622-269217(+)	g8345.t1	29.787	141	82	5	5554	5976	44	167	3.17e-04	45.8
PKY1m:258622-269217(+)	g3357.t1	27.700	213	113	10	5551	6135	522	711	3.31e-04	46.2
PKY1m:258622-269217(+)	g12047.t1	31.304	115	69	3	5623	5955	113	221	3.63e-04	46.2
PKY1m:258622-269217(+)	g1356.t1	26.923	104	64	2	5860	6150	1139	1237	3.87e-04	46.2
PKY1m:258622-269217(+)	g9690.t1	25.714	210	123	7	5545	6132	650	840	3.95e-04	45.8
PKY1m:258622-269217(+)	g6170.t1	29.480	173	99	9	5647	6135	287	446	3.97e-04	45.8
PKY1m:258622-269217(+)	g13249.t1	22.659	331	179	10	5230	6132	1	284	4.08e-04	45.8
PKY1m:258622-269217(+)	g8029.t1	32.039	103	64	4	5881	6174	1403	1504	4.30e-04	45.8
PKY1m:258622-269217(+)	g14622.t1	25.610	164	80	6	5551	5982	421	562	5.39e-04	45.4
PKY1m:258622-269217(+)	g9848.t1	25.543	184	100	7	5584	6045	159	335	5.60e-04	45.1
PKY1m:258622-269217(+)	g12039.t1	24.171	211	127	8	5545	6132	809	1001	5.78e-04	45.4
PKY1m:258622-269217(+)	g13442.t1	25.225	111	72	4	5683	6012	278	378	6.61e-04	45.1
PKY1m:258622-269217(+)	g3980.t1	32.500	80	47	1	5920	6138	592	671	7.51e-04	45.1
PKY1m:258622-269217(+)	g13243.t1	21.560	218	131	6	5551	6129	355	557	8.60e-04	44.7
PKY1m:258622-269217(+)	g16400.t1	31.000	100	48	3	5878	6150	2503	2590	0.001	44.7
PKY1m:258622-269217(+)	g11289.t1	25.105	239	120	9	5254	5931	28	220	0.001	43.5
PKY1m:258622-269217(+)	g6609.t1	36.508	63	39	1	5785	5970	2340	2402	0.001	44.7
PKY1m:258622-269217(+)	g13719.t1	38.710	62	37	1	5782	5964	1669	1730	0.001	44.3
PKY1m:258622-269217(+)	g7534.t1	30.000	180	93	8	5635	6138	488	646	0.001	43.9
PKY1m:258622-269217(+)	g5885.t1	41.538	65	35	1	5779	5964	2518	2582	0.001	44.3
PKY1m:258622-269217(+)	g14019.t1	30.000	140	84	6	5563	5979	254	380	0.002	43.5
PKY1m:258622-269217(+)	g7022.t1	26.712	146	92	5	5671	6108	208	338	0.002	43.5
PKY1m:258622-269217(+)	g12046.t1	29.524	105	65	2	5650	5955	113	211	0.002	43.9
PKY1m:258622-269217(+)	g8390.t1	29.834	181	89	8	5680	6138	143	313	0.002	43.1
PKY1m:258622-269217(+)	g3335.t1	28.655	171	88	6	5677	6144	789	940	0.002	43.5
PKY1m:258622-269217(+)	g8004.t1	28.455	123	64	3	5641	5967	117	229	0.002	43.5
PKY1m:258622-269217(+)	g5058.t1	29.825	114	62	2	5851	6141	1575	1687	0.003	43.1
PKY1m:258622-269217(+)	g15367.t1	26.606	109	71	2	5659	5982	201	301	0.003	42.4
PKY1m:258622-269217(+)	g12036.t1	25.592	211	123	9	5545	6132	1046	1237	0.003	43.1
PKY1m:258622-269217(+)	g11069.t1	20.930	344	177	13	5230	6162	9	290	0.003	42.7
PKY1m:258622-269217(+)	g3935.t1	26.797	153	92	7	5551	5997	200	336	0.003	42.7
PKY1m:258622-269217(+)	g5077.t1	24.790	238	113	7	5623	6150	187	420	0.004	42.4
PKY1m:258622-269217(+)	g15676.t1	22.324	327	203	13	5239	6201	42	323	0.004	42.4
PKY1m:258622-269217(+)	g8806.t1	25.731	171	93	6	5686	6132	1496	1654	0.004	42.7
PKY1m:258622-269217(+)	g12936.t1	47.761	67	29	2	5554	5745	3506	3569	0.004	42.7
PKY1m:258622-269217(+)	g12864.t1	25.373	134	62	2	5860	6147	1032	1165	0.004	42.4
PKY1m:258622-269217(+)	g3001.t1	23.656	186	106	9	5539	6042	132	299	0.004	42.4
PKY1m:258622-269217(+)	g8588.t1	35.484	62	40	0	5785	5970	2114	2175	0.004	42.4
PKY1m:258622-269217(+)	g16316.t2	25.397	126	81	3	5617	5988	52	166	0.005	42.4
PKY1m:258622-269217(+)	g16217.t1	27.976	168	91	6	5554	6000	256	412	0.005	42.4
PKY1m:258622-269217(+)	g8970.t1	29.204	113	68	3	5851	6153	811	923	0.006	42.0
PKY1m:258622-269217(+)	g16933.t1	34.940	83	46	2	5920	6153	1316	1395	0.007	41.6
PKY1m:258622-269217(+)	g8838.t1	31.818	88	56	2	5920	6180	2113	2197	0.008	41.6
PKY1m:258622-269217(+)	g13250.t1	23.280	189	104	5	5659	6132	63	241	0.009	41.6
PR46bm:242499-243969(+)	g2070.t1	90.050	201	18	1	1	603	1	199	1.93e-102	301
PSF2m:94066-98926(-)	g2092.t1	93.939	396	18	3	1	1185	2	392	0.0	708
PSF2m:94066-98926(-)	g2092.t1	95.238	21	1	0	1483	1545	488	508	5.89e-04	42.7
PSF2m:94066-98926(-)	g4061.t1	32.710	214	128	7	544	1161	809	1014	1.51e-18	89.7
PSF2m:94066-98926(-)	g4061.t1	25.197	254	170	7	277	993	1122	1370	2.28e-12	70.1
PSF2m:94066-98926(-)	g4061.t1	28.511	235	144	8	325	993	822	1044	7.30e-10	62.0
PSF2m:94066-98926(-)	g4061.t1	26.061	330	185	13	286	1146	1023	1336	9.72e-09	58.2
PSF2m:94066-98926(-)	g4061.t1	23.134	268	180	6	298	1038	897	1159	3.22e-06	50.1
PSF2m:94066-98926(-)	g4061.t1	22.222	252	142	10	298	912	1185	1429	0.006	39.7
PSF2m:94066-98926(-)	g5114.t1	25.987	304	211	7	268	1161	1138	1433	8.12e-18	87.4
PSF2m:94066-98926(-)	g5114.t1	25.581	301	157	9	298	1161	1232	1478	1.69e-16	83.2
PSF2m:94066-98926(-)	g5114.t1	27.090	299	162	13	283	1161	1058	1306	8.33e-15	77.8
PSF2m:94066-98926(-)	g5114.t1	28.019	207	141	5	547	1161	976	1176	5.93e-11	65.5
PSF2m:94066-98926(-)	g5114.t1	25.339	221	145	8	280	909	1314	1525	4.35e-07	53.1
PSF2m:94066-98926(-)	g5114.t1	27.559	127	84	3	670	1032	926	1050	7.04e-05	45.8
PSF2m:94066-98926(-)	g12061.t1	25.424	295	189	9	325	1161	2147	2426	4.25e-16	82.0
PSF2m:94066-98926(-)	g12061.t1	30.172	232	140	8	529	1173	2028	2254	2.94e-11	66.6
PSF2m:94066-98926(-)	g12061.t1	30.286	175	99	8	502	990	1765	1928	5.09e-10	62.8
PSF2m:94066-98926(-)	g12061.t1	26.923	130	82	5	670	1032	2601	2726	3.56e-04	43.5
PSF2m:94066-98926(-)	g12061.t1	24.444	135	89	4	298	702	1777	1898	0.002	41.6
PSF2m:94066-98926(-)	g12061.t2	25.424	295	189	9	325	1161	2146	2425	4.37e-16	82.0
PSF2m:94066-98926(-)	g12061.t2	30.172	232	140	8	529	1173	2027	2253	2.91e-11	66.6
PSF2m:94066-98926(-)	g12061.t2	30.286	175	99	8	502	990	1765	1928	5.13e-10	62.8
PSF2m:94066-98926(-)	g12061.t2	26.923	130	82	5	670	1032	2600	2725	3.59e-04	43.5
PSF2m:94066-98926(-)	g12061.t2	24.444	135	89	4	298	702	1777	1898	0.002	41.6
PSF2m:94066-98926(-)	g3460.t1	27.039	233	160	7	346	1032	30	256	5.14e-16	81.6
PSF2m:94066-98926(-)	g5213.t1	27.305	282	190	7	325	1152	1549	1821	1.11e-15	80.9
PSF2m:94066-98926(-)	g5213.t1	32.035	231	125	7	538	1170	1311	1529	7.68e-15	78.2
PSF2m:94066-98926(-)	g5213.t1	27.632	304	196	10	295	1161	1316	1610	5.73e-13	72.0
PSF2m:94066-98926(-)	g5213.t1	25.559	313	199	10	289	1161	1356	1656	2.83e-12	69.7
PSF2m:94066-98926(-)	g5213.t1	30.000	170	111	6	298	795	1670	1835	2.59e-11	66.6
PSF2m:94066-98926(-)	g5213.t1	26.641	259	155	7	445	1161	1455	1698	4.27e-11	65.9
PSF2m:94066-98926(-)	g5213.t1	22.800	250	151	5	286	1032	1490	1698	9.83e-11	64.7
PSF2m:94066-98926(-)	g885.t1	26.846	298	198	9	298	1161	55	342	6.23e-15	76.3
PSF2m:94066-98926(-)	g885.t1	25.822	213	149	6	529	1161	46	251	1.73e-11	65.9
PSF2m:94066-98926(-)	g1500.t1	26.687	326	202	10	229	1161	304	607	2.30e-14	75.9
PSF2m:94066-98926(-)	g13549.t1	32.447	188	105	8	535	1056	1468	1647	2.50e-14	76.3
PSF2m:94066-98926(-)	g13549.t1	27.564	312	176	14	169	975	1514	1818	1.95e-13	73.6
PSF2m:94066-98926(-)	g13549.t1	26.198	313	201	11	298	1161	1472	1779	4.88e-13	72.4
PSF2m:94066-98926(-)	g13549.t1	25.532	282	160	8	289	1032	1706	1971	5.18e-12	68.9
PSF2m:94066-98926(-)	g13549.t1	23.333	270	133	8	298	909	1850	2111	9.90e-08	55.1
PSF2m:94066-98926(-)	g13549.t1	24.231	260	173	7	301	1017	1752	2008	1.17e-07	55.1
PSF2m:94066-98926(-)	g9260.t1	32.716	162	104	4	550	1032	55	212	2.84e-14	74.7
PSF2m:94066-98926(-)	g9260.t1	33.607	122	77	2	667	1032	53	170	3.30e-10	62.0
PSF2m:94066-98926(-)	g9260.t1	23.077	208	108	7	298	912	57	215	0.001	41.2
PSF2m:94066-98926(-)	g12651.t1	28.959	221	136	7	439	1047	1596	1813	4.43e-14	75.5
PSF2m:94066-98926(-)	g12651.t1	24.800	250	152	6	244	903	1313	1556	2.35e-05	47.4
PSF2m:94066-98926(-)	g12651.t1	24.194	248	146	9	544	1170	1523	1767	2.46e-04	44.3
PSF2m:94066-98926(-)	g12651.t1	28.571	154	79	5	658	1032	1405	1556	0.001	42.4
PSF2m:94066-98926(-)	g9404.t1	31.953	169	110	3	529	1032	564	728	6.57e-14	75.1
PSF2m:94066-98926(-)	g9404.t1	25.616	203	121	7	523	1065	124	318	1.24e-08	58.2
PSF2m:94066-98926(-)	g9404.t1	25.000	244	114	11	604	1161	411	643	3.84e-05	46.6
PSF2m:94066-98926(-)	g9404.t1	25.191	131	92	4	445	828	577	704	5.73e-04	42.7
PSF2m:94066-98926(-)	g3397.t1	30.601	183	120	5	487	1032	8	184	1.13e-13	73.6
PSF2m:94066-98926(-)	g3397.t1	22.768	224	162	7	280	942	66	281	1.33e-10	63.5
PSF2m:94066-98926(-)	g3397.t1	27.076	277	189	8	340	1161	2	268	2.09e-10	63.2
PSF2m:94066-98926(-)	g3397.t1	24.747	198	131	5	199	765	80	268	3.29e-05	46.6
PSF2m:94066-98926(-)	g14537.t1	31.169	154	101	3	571	1026	1117	1267	2.15e-13	73.2
PSF2m:94066-98926(-)	g14537.t1	26.667	195	97	7	544	1005	1030	1219	2.63e-07	53.9
PSF2m:94066-98926(-)	g16776.t1	28.485	165	111	4	427	912	13	173	2.88e-13	72.4
PSF2m:94066-98926(-)	g16776.t1	27.778	162	110	5	679	1161	15	170	4.93e-08	55.8
PSF2m:94066-98926(-)	g949.t1	28.169	213	146	5	526	1161	168	374	7.41e-12	67.4
PSF2m:94066-98926(-)	g949.t1	28.655	171	115	5	526	1032	83	248	2.07e-11	66.2
PSF2m:94066-98926(-)	g949.t1	23.923	209	140	7	298	903	220	416	2.44e-08	56.2
PSF2m:94066-98926(-)	g949.t1	19.783	369	218	13	139	1056	71	424	1.19e-07	54.3
PSF2m:94066-98926(-)	g15142.t1	26.733	202	138	7	445	1032	455	652	1.27e-11	67.8
PSF2m:94066-98926(-)	g15142.t1	28.824	170	106	9	568	1065	415	573	0.010	38.9
PSF2m:94066-98926(-)	g5654.t1	33.728	169	102	8	415	903	1103	1267	4.39e-11	65.9
PSF2m:94066-98926(-)	g6695.t1	30.189	212	139	6	535	1161	713	918	5.31e-11	65.5
PSF2m:94066-98926(-)	g6695.t1	37.179	78	45	2	541	768	533	608	7.94e-05	45.4
PSF2m:94066-98926(-)	g6695.t1	39.474	76	40	4	808	1032	537	607	0.010	38.9
PSF2m:94066-98926(-)	g14257.t1	27.429	175	112	7	298	783	54	226	5.41e-11	64.7
PSF2m:94066-98926(-)	g14257.t1	30.409	171	107	5	550	1032	52	220	1.16e-10	63.5
PSF2m:94066-98926(-)	g14257.t1	32.061	131	82	4	679	1062	54	180	3.39e-09	58.9
PSF2m:94066-98926(-)	g14257.t1	24.498	249	137	7	445	1050	58	302	1.69e-08	56.6
PSF2m:94066-98926(-)	g13.t1	32.192	146	92	4	601	1032	348	488	1.15e-10	63.9
PSF2m:94066-98926(-)	g13.t1	28.877	187	103	5	520	1032	111	283	8.26e-10	61.2
PSF2m:94066-98926(-)	g13.t1	28.788	132	84	3	664	1041	118	245	1.29e-08	57.4
PSF2m:94066-98926(-)	g13.t1	26.752	157	70	3	298	765	376	488	1.02e-07	54.7
PSF2m:94066-98926(-)	g13.t1	27.174	184	120	6	445	969	127	305	6.42e-06	48.9
PSF2m:94066-98926(-)	g13.t1	24.599	187	128	5	280	813	117	299	0.003	40.4
PSF2m:94066-98926(-)	g1389.t1	29.327	208	94	9	553	1032	841	1043	7.19e-10	62.0
PSF2m:94066-98926(-)	g1389.t1	25.403	248	136	9	427	1032	841	1085	3.36e-06	50.1
PSF2m:94066-98926(-)	g1389.t1	26.515	132	92	3	421	804	553	683	3.81e-05	46.6
PSF2m:94066-98926(-)	g1389.t1	34.177	79	51	1	796	1032	593	670	1.10e-04	45.1
PSF2m:94066-98926(-)	g1474.t1	22.989	261	182	8	286	1032	323	576	1.06e-09	60.8
PSF2m:94066-98926(-)	g1474.t1	25.397	189	125	8	460	999	293	474	3.00e-04	43.5
PSF2m:94066-98926(-)	g555.t1	29.747	158	103	5	586	1053	80	231	2.79e-09	60.1
PSF2m:94066-98926(-)	g555.t1	25.806	124	85	4	547	912	109	227	3.00e-04	43.9
PSF2m:94066-98926(-)	g555.t1	22.840	162	117	5	553	1032	569	724	0.002	41.2
PSF2m:94066-98926(-)	g10513.t1	25.510	196	110	7	535	1032	43	232	3.52e-09	59.7
PSF2m:94066-98926(-)	g10513.t1	25.214	234	133	7	445	1044	96	321	6.26e-09	58.9
PSF2m:94066-98926(-)	g10513.t1	20.779	154	79	3	691	1032	12	162	0.003	40.4
PSF2m:94066-98926(-)	g3645.t1	32.000	175	97	8	550	1032	12	178	3.86e-09	59.3
PSF2m:94066-98926(-)	g12510.t1	30.168	179	116	7	547	1068	101	275	4.00e-09	58.2
PSF2m:94066-98926(-)	g12510.t1	26.752	157	111	3	715	1179	71	225	5.54e-07	51.6
PSF2m:94066-98926(-)	g11111.t1	20.301	266	186	7	298	1032	280	540	5.10e-09	58.9
PSF2m:94066-98926(-)	g11111.t1	22.381	210	101	5	520	978	268	472	3.91e-06	49.7
PSF2m:94066-98926(-)	g11111.t1	25.714	140	91	5	670	1056	277	414	3.09e-05	46.6
PSF2m:94066-98926(-)	g14751.t1	27.607	163	112	4	550	1032	344	502	9.98e-09	57.8
PSF2m:94066-98926(-)	g14751.t1	26.036	169	118	4	532	1032	296	459	3.85e-08	55.8
PSF2m:94066-98926(-)	g14751.t1	26.108	203	134	5	592	1167	265	462	1.04e-07	54.7
PSF2m:94066-98926(-)	g14751.t1	26.667	165	111	7	424	903	343	502	3.52e-04	43.1
PSF2m:94066-98926(-)	g11654.t1	24.865	185	120	5	400	912	13	192	1.34e-08	56.6
PSF2m:94066-98926(-)	g11654.t1	27.200	125	86	3	658	1032	28	147	3.09e-04	43.1
PSF2m:94066-98926(-)	g1742.t1	25.879	313	201	9	265	1161	1034	1329	3.03e-08	56.6
PSF2m:94066-98926(-)	g1742.t1	25.126	199	111	8	451	936	1452	1649	1.97e-05	47.8
PSF2m:94066-98926(-)	g5244.t1	26.147	218	149	7	277	912	205	416	4.13e-08	55.5
PSF2m:94066-98926(-)	g5244.t1	31.538	130	79	5	676	1044	76	202	4.71e-05	45.8
PSF2m:94066-98926(-)	g5244.t1	25.000	88	63	2	553	813	127	212	0.003	40.4
PSF2m:94066-98926(-)	g14342.t1	32.787	122	75	4	670	1032	208	323	5.08e-08	55.5
PSF2m:94066-98926(-)	g14342.t1	25.581	215	110	8	511	1017	192	402	3.82e-07	52.8
PSF2m:94066-98926(-)	g11124.t1	25.551	227	149	8	394	1032	464	684	1.33e-07	54.3
PSF2m:94066-98926(-)	g12011.t2	38.462	104	54	6	670	972	1254	1350	2.49e-07	53.9
PSF2m:94066-98926(-)	g12011.t2	38.961	77	44	3	547	768	1254	1330	7.96e-07	52.4
PSF2m:94066-98926(-)	g12011.t2	34.524	84	52	2	802	1050	1254	1335	2.41e-04	44.3
PSF2m:94066-98926(-)	g12011.t3	38.462	104	54	6	670	972	1255	1351	2.49e-07	53.9
PSF2m:94066-98926(-)	g12011.t3	38.961	77	44	3	547	768	1255	1331	7.96e-07	52.4
PSF2m:94066-98926(-)	g12011.t3	34.524	84	52	2	802	1050	1255	1336	2.41e-04	44.3
PSF2m:94066-98926(-)	g16912.t1	23.358	274	182	9	277	1032	1901	2168	2.70e-07	53.9
PSF2m:94066-98926(-)	g16912.t1	27.184	206	126	9	328	888	2011	2211	1.12e-06	51.6
PSF2m:94066-98926(-)	g16912.t1	27.451	153	99	4	550	972	2041	2193	1.13e-05	48.5
PSF2m:94066-98926(-)	g16912.t1	29.885	174	111	7	529	1032	1531	1699	4.02e-05	46.6
PSF2m:94066-98926(-)	g12011.t1	38.462	104	54	6	670	972	1160	1256	2.77e-07	53.5
PSF2m:94066-98926(-)	g12011.t1	38.961	77	44	3	547	768	1160	1236	7.40e-07	52.4
PSF2m:94066-98926(-)	g12011.t1	34.524	84	52	2	802	1050	1160	1241	2.48e-04	44.3
PSF2m:94066-98926(-)	g4757.t1	28.986	138	94	2	544	957	714	847	3.21e-07	53.5
PSF2m:94066-98926(-)	g4757.t1	30.405	148	89	6	607	1032	565	704	1.40e-04	45.1
PSF2m:94066-98926(-)	g4127.t1	28.829	111	70	2	727	1059	90	191	7.04e-07	52.4
PSF2m:94066-98926(-)	g9771.t1	27.564	156	105	6	319	774	2170	2321	1.70e-06	51.2
PSF2m:94066-98926(-)	g2073.t1	23.967	242	145	7	274	909	378	610	2.65e-06	50.4
PSF2m:94066-98926(-)	g2073.t1	25.000	204	140	7	445	1032	348	546	4.26e-05	46.6
PSF2m:94066-98926(-)	g8382.t1	29.197	137	85	4	670	1044	261	397	2.99e-06	50.1
PSF2m:94066-98926(-)	g8541.t1	23.502	217	123	6	421	1032	10	196	3.11e-06	50.1
PSF2m:94066-98926(-)	g2058.t1	25.000	192	136	5	475	1044	38	223	3.34e-06	49.3
PSF2m:94066-98926(-)	g2058.t1	23.106	264	170	9	298	1029	107	357	8.87e-05	45.1
PSF2m:94066-98926(-)	g16148.t1	28.333	240	141	14	337	1032	144	360	3.70e-06	49.3
PSF2m:94066-98926(-)	g17336.t1	26.738	187	125	5	475	1032	1277	1452	4.53e-06	49.7
PSF2m:94066-98926(-)	g17336.t1	26.106	226	115	7	304	846	1347	1565	6.26e-05	46.2
PSF2m:94066-98926(-)	g10091.t1	26.425	193	118	7	517	1062	203	382	4.66e-06	49.3
PSF2m:94066-98926(-)	g16965.t1	34.177	79	42	2	838	1050	19	95	1.53e-05	48.1
PSF2m:94066-98926(-)	g10384.t1	27.160	162	116	2	550	1032	61	221	1.58e-05	47.0
PSF2m:94066-98926(-)	g357.t1	31.034	145	89	5	403	810	70	212	3.20e-05	46.6
PSF2m:94066-98926(-)	g6391.t1	34.831	89	49	5	514	765	188	272	4.05e-05	45.8
PSF2m:94066-98926(-)	g318.t1	36.047	86	50	3	724	981	9	89	4.06e-05	46.2
PSF2m:94066-98926(-)	g11177.t1	27.128	188	118	8	520	1044	169	350	5.10e-05	45.8
PSF2m:94066-98926(-)	g11177.t1	24.540	163	100	6	604	1032	244	403	4.32e-04	42.7
PSF2m:94066-98926(-)	g11177.t1	36.364	77	41	3	856	1065	192	267	0.003	40.0
PSF2m:94066-98926(-)	g1594.t1	28.696	115	78	2	679	1023	238	348	6.99e-05	45.8
PSF2m:94066-98926(-)	g225.t1	34.568	81	52	1	670	912	2	81	9.92e-05	45.1
PSF2m:94066-98926(-)	g7997.t1	29.661	118	69	3	721	1044	124	237	1.20e-04	44.7
PSF2m:94066-98926(-)	g4374.t1	23.214	224	141	9	313	909	1606	1823	1.21e-04	45.1
PSF2m:94066-98926(-)	g5320.t1	28.947	114	76	4	691	1032	1063	1171	1.24e-04	45.1
PSF2m:94066-98926(-)	g3204.t1	26.852	108	75	3	325	645	167	271	1.69e-04	43.9
PSF2m:94066-98926(-)	g3204.t1	26.761	142	98	4	490	909	178	315	0.004	39.7
PSF2m:94066-98926(-)	g11192.t1	20.213	188	128	7	523	1032	116	299	1.86e-04	44.3
PSF2m:94066-98926(-)	g5848.t1	27.660	188	99	5	535	1041	1645	1814	2.55e-04	44.3
PSF2m:94066-98926(-)	g13972.t1	23.585	212	148	9	421	1038	297	500	3.04e-04	43.5
PSF2m:94066-98926(-)	g14511.t1	23.113	212	93	6	601	1161	262	428	3.42e-04	43.1
PSF2m:94066-98926(-)	g14511.t1	25.980	204	100	9	547	1017	289	488	0.001	41.2
PSF2m:94066-98926(-)	g14511.t1	25.197	127	88	5	667	1032	242	366	0.002	40.8
PSF2m:94066-98926(-)	g485.t1	21.192	302	176	9	286	1041	268	557	4.35e-04	43.5
PSF2m:94066-98926(-)	g485.t1	26.712	146	103	3	724	1161	748	889	0.002	41.2
PSF2m:94066-98926(-)	g6847.t1	27.746	173	106	7	298	768	682	851	4.60e-04	43.1
PSF2m:94066-98926(-)	g6847.t1	30.769	65	45	0	838	1032	577	641	0.002	41.2
PSF2m:94066-98926(-)	g1688.t1	23.894	113	84	2	436	771	145	256	4.97e-04	42.0
PSF2m:94066-98926(-)	g1688.t1	21.978	182	129	7	514	1050	89	260	0.007	38.5
PSF2m:94066-98926(-)	g4464.t1	30.189	106	63	3	865	1161	187	288	4.98e-04	42.7
PSF2m:94066-98926(-)	g16354.t1	31.579	114	70	5	679	1002	1018	1129	5.22e-04	43.1
PSF2m:94066-98926(-)	g5306.t1	20.703	256	178	5	298	1032	339	580	8.57e-04	42.0
PSF2m:94066-98926(-)	g7928.t1	25.641	195	118	9	292	828	116	299	0.001	41.2
PSF2m:94066-98926(-)	g7928.t1	33.721	86	55	2	538	792	71	155	0.005	39.3
PSF2m:94066-98926(-)	g1364.t1	29.524	105	64	3	556	840	21	125	0.001	41.6
PSF2m:94066-98926(-)	g2172.t1	25.000	164	118	3	670	1161	852	1010	0.002	41.2
PSF2m:94066-98926(-)	g5167.t1	20.968	186	122	6	523	1041	160	333	0.002	40.8
PSF2m:94066-98926(-)	g17248.t1	28.571	77	46	2	793	1002	34	108	0.002	40.8
PSF2m:94066-98926(-)	g12760.t1	24.118	170	124	2	409	918	10	174	0.002	40.4
PSF2m:94066-98926(-)	g15143.t1	28.571	147	91	6	604	1032	255	391	0.002	40.8
PSF2m:94066-98926(-)	g2272.t1	20.588	170	126	4	532	1041	50	210	0.002	40.8
PSF2m:94066-98926(-)	g9173.t1	38.356	73	42	2	556	771	250	320	0.003	40.4
PSF2m:94066-98926(-)	g4161.t1	26.761	213	135	9	445	1032	590	798	0.004	40.4
PSF2m:94066-98926(-)	g17534.t1	20.225	178	114	4	559	1014	888	1063	0.005	40.0
PSF2m:94066-98926(-)	g13725.t1	26.923	130	85	5	421	783	163	291	0.005	39.7
PSF2m:94066-98926(-)	g2302.t1	28.873	142	94	5	406	822	17	154	0.005	39.3
PSF2m:94066-98926(-)	g13727.t1	26.923	130	85	5	421	783	206	334	0.006	39.7
PSF2m:94066-98926(-)	g11568.t1	23.179	151	110	6	601	1041	137	285	0.009	38.5
PTC1m:66674-76078(-)	g2119.t1	91.036	714	48	4	1	2097	1	713	0.0	1163
PTC1m:66674-76078(-)	g2117.t1	94.624	93	5	0	2140	2418	1	93	3.24e-50	172
RFC4m:83197-86315(-)	g2089.t1	95.495	333	15	0	1	999	1	333	0.0	586
RFC4m:83197-86315(-)	g11115.t1	50.216	231	107	3	13	705	37	259	4.36e-75	238
RFC4m:83197-86315(-)	g4307.t1	44.304	237	125	4	13	723	20	249	4.04e-60	199
RFC4m:83197-86315(-)	g11438.t1	32.203	236	125	7	16	633	4	234	2.17e-30	119
RFC4m:83197-86315(-)	g11223.t1	27.092	251	133	8	10	633	528	771	2.67e-14	73.9
RFC4m:83197-86315(-)	g7108.t1	31.765	85	53	1	454	693	843	927	0.003	39.7
RFC4m:83197-86315(-)	g9809.t1	26.066	211	104	10	118	651	789	980	0.005	38.9
RFC4m:83197-86315(-)	g12700.t1	26.786	168	88	7	118	555	604	758	0.005	38.9
RFC4m:83197-86315(-)	g16429.t1	71.429	21	6	0	115	177	353	373	0.006	38.5
RFC4m:83197-86315(-)	g16997.t1	43.590	39	22	0	79	195	225	263	0.008	38.1
RFC4m:83197-86315(-)	g12635.t1	27.692	130	60	5	61	384	646	763	0.010	38.1
SPL2m:320641-323188(-)	g2086.t1	99.083	218	2	0	1	654	1	218	3.58e-119	347
SPP1Cm:52718-58754(-)	g8367.t1	49.346	535	230	10	91	1626	36	552	1.06e-88	295
SPP1Cm:52718-58754(-)	g8367.t1	68.750	32	10	0	1766	1861	640	671	3.08e-07	43.9
SPP1Cm:52718-58754(-)	g8367.t1	58.333	24	9	1	1650	1721	616	638	3.08e-07	29.6
SPP1Cm:52718-58754(-)	g665.t1	48.276	87	44	1	1336	1596	426	511	6.07e-07	52.8
SPP1Cm:52718-58754(-)	g2041.t1	70.000	30	9	0	1769	1858	278	307	1.00e-06	45.8
SPP1Cm:52718-58754(-)	g2041.t1	70.588	17	5	0	1671	1721	259	275	1.00e-06	26.2
SPS1m:47523-50742(+)	g2115.t1	93.651	315	20	0	1	945	1	315	0.0	587
SPS1m:47523-50742(+)	g17222.t1	33.663	202	128	4	61	663	32	228	7.05e-23	97.1
TOC34m:120019-123826(+)	g2097.t1	94.910	334	17	0	193	1194	63	396	0.0	616
TOC34m:120019-123826(+)	g2370.t1	28.788	198	128	4	325	906	302	490	4.33e-10	61.6
TOC34m:120019-123826(+)	g8042.t1	26.257	179	104	5	415	879	354	528	4.78e-06	48.9
UBCH1m:247051-250463(+)	g2068.t1	90.361	332	31	1	1	996	1	331	0.0	547
UBCH1m:247051-250463(+)	g307.t1	23.488	281	141	10	4	660	6	274	6.70e-06	47.0
UTP1m:332078-336649(-)	g2073.t1	91.391	906	64	3	199	2916	1	892	0.0	1448
UTP1m:332078-336649(-)	g885.t1	27.240	279	177	3	1258	2094	53	305	4.06e-25	108
UTP1m:332078-336649(-)	g885.t1	25.914	301	215	6	991	1881	49	345	3.25e-19	90.5
UTP1m:332078-336649(-)	g885.t1	26.374	273	155	6	1639	2388	52	301	4.86e-09	59.3
UTP1m:332078-336649(-)	g13549.t1	29.536	237	148	4	1207	1875	1549	1780	6.88e-24	109
UTP1m:332078-336649(-)	g13549.t1	28.821	229	142	4	1243	1872	1465	1691	2.47e-19	94.4
UTP1m:332078-336649(-)	g13549.t1	26.962	293	161	7	1042	1884	1862	2113	2.12e-14	78.2
UTP1m:332078-336649(-)	g13549.t1	28.571	308	156	11	1054	1920	1725	1987	4.09e-11	67.8
UTP1m:332078-336649(-)	g13549.t1	29.412	170	84	3	1636	2109	1468	1613	2.78e-09	61.6
UTP1m:332078-336649(-)	g3397.t1	30.151	199	130	4	1147	1734	76	268	3.01e-20	95.9
UTP1m:332078-336649(-)	g3397.t1	26.250	240	171	3	1213	1932	13	246	8.81e-19	91.3
UTP1m:332078-336649(-)	g3397.t1	31.469	143	96	2	1219	1647	141	281	1.13e-12	71.6
UTP1m:332078-336649(-)	g3397.t1	29.500	200	124	5	1309	1893	4	191	2.31e-10	64.3
UTP1m:332078-336649(-)	g4061.t1	30.667	225	147	3	1261	1923	854	1073	5.63e-20	96.3
UTP1m:332078-336649(-)	g4061.t1	28.137	263	164	6	1276	2061	1189	1427	9.74e-13	72.8
UTP1m:332078-336649(-)	g4061.t1	26.236	263	119	6	1375	2082	808	1022	1.62e-10	65.5
UTP1m:332078-336649(-)	g4061.t1	29.134	254	158	9	1009	1737	1185	1427	1.66e-10	65.5
UTP1m:332078-336649(-)	g4061.t1	26.056	142	76	5	178	555	823	951	0.009	40.0
UTP1m:332078-336649(-)	g5114.t1	26.479	355	187	7	1213	2067	1131	1481	5.76e-20	96.3
UTP1m:332078-336649(-)	g5114.t1	30.128	312	180	9	1219	2067	1049	1351	1.31e-19	95.1
UTP1m:332078-336649(-)	g5114.t1	31.364	220	142	5	1258	1911	977	1189	1.81e-18	91.7
UTP1m:332078-336649(-)	g5114.t1	31.933	238	155	6	1144	1845	1281	1515	1.27e-15	82.4
UTP1m:332078-336649(-)	g5114.t1	29.130	230	151	5	1258	1932	1276	1498	6.46e-13	73.6
UTP1m:332078-336649(-)	g5114.t1	29.762	168	110	4	1258	1743	1361	1526	5.56e-11	67.0
UTP1m:332078-336649(-)	g5114.t1	28.276	145	90	5	1195	1602	1387	1526	3.19e-05	48.1
UTP1m:332078-336649(-)	g5114.t1	30.282	142	83	6	115	522	1136	1267	6.59e-05	47.4
UTP1m:332078-336649(-)	g5114.t1	30.952	168	86	5	1639	2058	926	1091	9.64e-05	46.6
UTP1m:332078-336649(-)	g5114.t1	41.935	62	34	1	427	612	1152	1211	7.21e-04	43.9
UTP1m:332078-336649(-)	g5213.t1	34.906	212	129	4	1264	1893	1628	1832	3.04e-19	94.4
UTP1m:332078-336649(-)	g5213.t1	25.349	430	221	9	1228	2349	1307	1692	4.30e-19	93.6
UTP1m:332078-336649(-)	g5213.t1	30.597	268	168	9	1147	1920	1455	1714	1.91e-18	91.7
UTP1m:332078-336649(-)	g5213.t1	30.693	202	128	6	1147	1737	1632	1826	4.64e-14	77.4
UTP1m:332078-336649(-)	g5213.t1	35.172	145	69	8	178	579	1592	1722	2.97e-07	55.1
UTP1m:332078-336649(-)	g5213.t1	25.000	184	131	4	1102	1644	1658	1837	8.09e-06	50.1
UTP1m:332078-336649(-)	g12651.t1	31.452	248	143	6	1261	1929	1639	1884	3.45e-19	94.0
UTP1m:332078-336649(-)	g12651.t1	28.716	296	142	6	1264	2064	1465	1720	2.73e-10	64.7
UTP1m:332078-336649(-)	g12651.t1	30.556	144	88	4	1213	1620	1673	1812	3.94e-08	57.8
UTP1m:332078-336649(-)	g12651.t1	25.778	225	127	4	1258	1920	1592	1780	5.34e-08	57.4
UTP1m:332078-336649(-)	g12651.t1	30.412	194	107	4	1369	1872	1164	1355	1.69e-07	55.8
UTP1m:332078-336649(-)	g12651.t1	33.824	136	85	2	1090	1482	1675	1810	1.82e-07	55.5
UTP1m:332078-336649(-)	g9260.t1	29.148	223	144	3	1258	1911	55	268	7.87e-19	90.1
UTP1m:332078-336649(-)	g9260.t1	30.841	214	141	6	1105	1737	47	256	1.48e-17	86.3
UTP1m:332078-336649(-)	g9260.t1	26.404	178	120	2	1012	1512	90	267	3.17e-09	60.1
UTP1m:332078-336649(-)	g9260.t1	31.858	113	65	5	283	612	61	164	4.97e-04	43.9
UTP1m:332078-336649(-)	g6695.t1	31.068	206	134	4	1264	1875	720	919	1.91e-18	91.3
UTP1m:332078-336649(-)	g6695.t1	32.000	175	115	3	1219	1737	747	919	4.23e-17	87.0
UTP1m:332078-336649(-)	g6695.t1	29.371	143	95	3	1069	1482	779	920	2.87e-08	58.2
UTP1m:332078-336649(-)	g6695.t1	27.586	145	81	3	1648	2082	720	840	4.84e-06	50.8
UTP1m:332078-336649(-)	g6695.t1	45.679	81	37	3	1636	1875	534	608	5.16e-05	47.4
UTP1m:332078-336649(-)	g6695.t1	31.081	74	50	1	1261	1482	537	609	0.007	40.4
UTP1m:332078-336649(-)	g4757.t1	25.263	380	208	9	1078	2070	481	833	6.57e-18	89.7
UTP1m:332078-336649(-)	g4757.t1	28.444	225	147	6	1258	1911	415	632	3.66e-10	64.3
UTP1m:332078-336649(-)	g4757.t1	28.750	240	161	5	1207	1911	440	674	5.67e-09	60.5
UTP1m:332078-336649(-)	g4757.t1	27.749	191	128	4	1348	1899	403	590	9.94e-08	56.2
UTP1m:332078-336649(-)	g4757.t1	33.708	89	58	1	1219	1485	1133	1220	6.87e-06	50.4
UTP1m:332078-336649(-)	g4757.t1	27.619	105	76	0	1264	1578	1189	1293	0.003	41.6
UTP1m:332078-336649(-)	g14751.t1	28.814	236	156	4	1057	1734	269	502	9.94e-18	87.8
UTP1m:332078-336649(-)	g14751.t1	31.667	120	80	2	1381	1740	301	418	8.34e-08	56.2
UTP1m:332078-336649(-)	g14751.t1	33.621	116	72	2	1528	1875	307	417	3.98e-06	50.8
UTP1m:332078-336649(-)	g14751.t1	34.737	95	58	1	1627	1911	297	387	2.16e-05	48.1
UTP1m:332078-336649(-)	g949.t1	26.437	261	169	6	985	1734	168	416	1.98e-17	86.3
UTP1m:332078-336649(-)	g949.t1	25.185	270	194	5	1114	1920	128	390	2.73e-17	85.9
UTP1m:332078-336649(-)	g949.t1	27.895	190	131	3	1351	1917	79	263	1.64e-16	83.6
UTP1m:332078-336649(-)	g1500.t1	30.476	210	132	4	1258	1875	325	524	6.20e-17	85.5
UTP1m:332078-336649(-)	g1500.t1	24.359	234	171	3	1219	1920	354	581	2.23e-14	77.4
UTP1m:332078-336649(-)	g1500.t1	25.322	233	169	4	1039	1734	379	607	4.27e-12	70.1
UTP1m:332078-336649(-)	g10384.t1	27.451	306	186	11	1198	2076	36	318	5.93e-16	80.1
UTP1m:332078-336649(-)	g10384.t1	24.583	240	148	8	1378	2070	10	225	3.34e-07	53.5
UTP1m:332078-336649(-)	g10384.t1	23.387	124	81	2	160	507	197	314	4.94e-04	43.5
UTP1m:332078-336649(-)	g2058.t1	27.103	214	148	5	1246	1875	58	267	3.29e-15	78.6
UTP1m:332078-336649(-)	g2058.t1	26.275	255	173	7	1144	1875	67	317	2.32e-14	75.9
UTP1m:332078-336649(-)	g2058.t1	27.174	184	120	6	1210	1725	174	355	2.06e-09	60.8
UTP1m:332078-336649(-)	g2058.t1	31.325	83	54	1	1639	1887	61	140	1.75e-04	45.1
UTP1m:332078-336649(-)	g12061.t2	26.712	292	157	8	1147	1872	2141	2425	4.99e-15	80.5
UTP1m:332078-336649(-)	g12061.t2	29.814	161	111	2	1258	1740	2135	2293	7.96e-13	73.2
UTP1m:332078-336649(-)	g12061.t2	37.500	128	62	3	1390	1734	2603	2725	1.59e-10	65.9
UTP1m:332078-336649(-)	g12061.t2	26.183	317	144	13	1204	2058	1631	1889	1.56e-08	59.3
UTP1m:332078-336649(-)	g12061.t2	27.490	251	150	8	1213	1872	2288	2537	5.96e-08	57.4
UTP1m:332078-336649(-)	g12061.t2	27.895	190	103	6	1258	1734	1775	1961	1.34e-07	56.2
UTP1m:332078-336649(-)	g12061.t2	28.696	230	109	5	1258	1911	2034	2220	4.22e-07	54.3
UTP1m:332078-336649(-)	g12061.t2	25.714	245	134	6	1147	1740	1823	2066	1.21e-06	53.1
UTP1m:332078-336649(-)	g12061.t2	36.986	73	46	0	1258	1476	2653	2725	5.13e-06	50.8
UTP1m:332078-336649(-)	g12061.t2	30.822	146	75	3	1639	2058	2600	2725	1.98e-05	48.9
UTP1m:332078-336649(-)	g12061.t1	26.712	292	157	8	1147	1872	2142	2426	5.04e-15	80.5
UTP1m:332078-336649(-)	g12061.t1	29.814	161	111	2	1258	1740	2136	2294	7.83e-13	73.2
UTP1m:332078-336649(-)	g12061.t1	37.500	128	62	3	1390	1734	2604	2726	1.59e-10	65.9
UTP1m:332078-336649(-)	g12061.t1	26.183	317	144	13	1204	2058	1631	1889	1.60e-08	59.3
UTP1m:332078-336649(-)	g12061.t1	27.490	251	150	8	1213	1872	2289	2538	6.01e-08	57.4
UTP1m:332078-336649(-)	g12061.t1	27.895	190	103	6	1258	1734	1775	1961	1.33e-07	56.2
UTP1m:332078-336649(-)	g12061.t1	28.696	230	109	5	1258	1911	2035	2221	4.26e-07	54.3
UTP1m:332078-336649(-)	g12061.t1	23.984	246	138	6	1147	1740	1823	2067	9.03e-07	53.5
UTP1m:332078-336649(-)	g12061.t1	36.986	73	46	0	1258	1476	2654	2726	5.09e-06	50.8
UTP1m:332078-336649(-)	g12061.t1	30.822	146	75	3	1639	2058	2601	2726	1.95e-05	48.9
UTP1m:332078-336649(-)	g1389.t1	29.600	250	125	6	1264	1875	842	1086	1.65e-14	78.6
UTP1m:332078-336649(-)	g1389.t1	31.746	126	82	1	1111	1476	303	428	1.49e-10	65.5
UTP1m:332078-336649(-)	g1389.t1	34.375	96	57	2	1594	1875	580	671	2.27e-07	55.1
UTP1m:332078-336649(-)	g1389.t1	29.348	92	63	1	1210	1479	580	671	0.001	43.1
UTP1m:332078-336649(-)	g1389.t1	30.928	97	59	2	1594	1872	336	428	0.006	40.8
UTP1m:332078-336649(-)	g11111.t1	24.214	318	157	9	1273	2067	340	626	6.14e-14	76.3
UTP1m:332078-336649(-)	g11111.t1	28.571	252	164	6	1009	1734	337	582	1.47e-12	71.6
UTP1m:332078-336649(-)	g11111.t1	28.105	153	78	5	1636	2061	276	407	0.002	42.4
UTP1m:332078-336649(-)	g16776.t1	24.675	231	171	3	1048	1740	29	256	6.24e-14	76.3
UTP1m:332078-336649(-)	g16776.t1	29.545	176	115	4	1372	1893	9	177	4.85e-10	63.5
UTP1m:332078-336649(-)	g17336.t1	28.417	278	156	9	1276	2082	1265	1508	1.58e-13	75.5
UTP1m:332078-336649(-)	g17336.t1	27.650	217	143	5	1096	1734	1336	1542	1.18e-06	52.8
UTP1m:332078-336649(-)	g17336.t1	26.415	212	137	8	1261	1875	1302	1501	2.97e-06	51.6
UTP1m:332078-336649(-)	g17336.t1	25.581	301	154	12	1339	2115	1080	1352	6.67e-05	47.4
UTP1m:332078-336649(-)	g17336.t1	25.234	107	71	2	1120	1419	1461	1565	0.003	42.0
UTP1m:332078-336649(-)	g14342.t1	25.769	260	165	6	1261	2037	210	442	1.90e-13	74.3
UTP1m:332078-336649(-)	g14342.t1	24.597	248	169	7	1147	1875	215	449	5.06e-10	63.2
UTP1m:332078-336649(-)	g14342.t1	20.769	260	194	7	1123	1884	249	502	1.26e-05	48.9
UTP1m:332078-336649(-)	g14342.t1	25.490	153	86	4	1624	2076	203	329	0.008	40.0
UTP1m:332078-336649(-)	g13860.t1	26.383	235	161	5	1057	1743	176	404	2.85e-13	73.2
UTP1m:332078-336649(-)	g13860.t1	28.440	109	68	3	1561	1872	168	271	2.36e-05	48.1
UTP1m:332078-336649(-)	g5244.t1	25.382	327	200	8	1120	2067	123	416	4.79e-13	72.4
UTP1m:332078-336649(-)	g16148.t1	28.507	221	142	7	1213	1875	116	320	1.27e-12	70.9
UTP1m:332078-336649(-)	g16148.t1	29.319	191	110	6	1318	1872	189	360	8.04e-09	58.9
UTP1m:332078-336649(-)	g16148.t1	32.317	164	93	8	1390	1875	53	200	3.74e-07	53.5
UTP1m:332078-336649(-)	g3460.t1	25.969	258	178	9	982	1734	5	256	1.13e-11	69.3
UTP1m:332078-336649(-)	g3460.t1	21.752	331	228	7	1207	2175	37	344	3.12e-11	67.8
UTP1m:332078-336649(-)	g3460.t1	26.400	125	86	3	1147	1509	145	267	1.09e-04	46.2
UTP1m:332078-336649(-)	g10513.t1	24.519	208	123	6	1210	1740	74	278	6.46e-11	66.6
UTP1m:332078-336649(-)	g10513.t1	21.053	342	209	8	1117	2109	2	293	8.27e-09	60.1
UTP1m:332078-336649(-)	g16912.t1	25.969	258	180	4	1087	1845	1521	1772	1.63e-10	65.5
UTP1m:332078-336649(-)	g16912.t1	29.907	214	128	6	1162	1740	2010	2222	4.65e-10	64.3
UTP1m:332078-336649(-)	g16912.t1	26.990	289	165	10	1264	2067	1908	2171	1.07e-08	59.7
UTP1m:332078-336649(-)	g16912.t1	31.507	146	73	4	1630	2058	1531	1652	4.20e-06	51.2
UTP1m:332078-336649(-)	g16912.t1	28.313	166	97	4	1636	2124	1904	2050	0.004	41.6
UTP1m:332078-336649(-)	g15142.t1	26.423	246	132	7	1219	1821	436	677	4.28e-10	64.3
UTP1m:332078-336649(-)	g15142.t1	23.729	236	167	8	1054	1737	466	696	5.33e-04	44.3
UTP1m:332078-336649(-)	g13.t1	38.542	96	55	1	1624	1911	115	206	4.46e-10	63.2
UTP1m:332078-336649(-)	g13.t1	21.629	356	209	7	1141	2079	125	453	2.05e-09	61.2
UTP1m:332078-336649(-)	g13.t1	28.571	189	119	5	1369	1911	116	296	1.29e-08	58.5
UTP1m:332078-336649(-)	g13.t1	23.837	344	192	11	1156	2058	172	488	2.93e-08	57.4
UTP1m:332078-336649(-)	g11124.t1	26.568	271	126	7	1258	2049	477	681	5.53e-10	63.5
UTP1m:332078-336649(-)	g11124.t1	24.825	286	149	9	1276	2064	398	640	6.24e-04	43.9
UTP1m:332078-336649(-)	g9404.t1	30.189	159	108	3	1261	1734	572	728	6.31e-10	63.5
UTP1m:332078-336649(-)	g9404.t1	24.299	214	138	5	1306	1911	455	656	1.31e-06	52.8
UTP1m:332078-336649(-)	g9404.t1	25.316	237	132	6	1300	1905	33	259	2.80e-05	48.5
UTP1m:332078-336649(-)	g9404.t1	28.319	113	79	2	1147	1482	139	250	0.001	43.1
UTP1m:332078-336649(-)	g555.t1	26.923	156	112	2	1273	1740	73	226	1.15e-09	62.8
UTP1m:332078-336649(-)	g555.t1	28.387	155	109	2	1273	1737	573	725	9.77e-09	59.7
UTP1m:332078-336649(-)	g555.t1	27.273	165	117	3	1144	1638	73	234	1.60e-08	58.9
UTP1m:332078-336649(-)	g555.t1	21.461	219	111	5	1249	1734	426	640	0.001	43.1
UTP1m:332078-336649(-)	g555.t1	24.786	117	87	1	1000	1350	109	224	0.005	40.8
UTP1m:332078-336649(-)	g5306.t1	25.984	254	176	7	1138	1887	340	585	1.17e-09	62.4
UTP1m:332078-336649(-)	g5306.t1	24.519	208	145	6	1264	1875	424	623	8.75e-09	59.3
UTP1m:332078-336649(-)	g5306.t1	28.750	80	54	1	1273	1512	555	631	0.004	41.2
UTP1m:332078-336649(-)	g1474.t1	27.670	206	138	6	1261	1863	282	481	1.54e-09	61.6
UTP1m:332078-336649(-)	g1474.t1	23.490	149	107	3	1309	1737	386	533	3.68e-06	50.8
UTP1m:332078-336649(-)	g3329.t1	27.232	224	154	4	1291	1950	408	626	1.56e-09	62.4
UTP1m:332078-336649(-)	g3329.t1	23.973	292	209	8	1024	1887	846	1128	4.55e-09	60.8
UTP1m:332078-336649(-)	g3329.t1	26.217	267	147	8	1216	1872	423	687	2.03e-08	58.9
UTP1m:332078-336649(-)	g3329.t1	21.186	236	159	4	1381	2082	879	1089	2.46e-04	45.4
UTP1m:332078-336649(-)	g3329.t1	24.500	200	112	4	1297	1890	583	745	0.006	40.8
UTP1m:332078-336649(-)	g4374.t1	37.647	85	52	1	1264	1518	1883	1966	3.31e-09	61.2
UTP1m:332078-336649(-)	g4374.t1	26.056	284	168	13	1045	1875	1574	1822	0.002	42.4
UTP1m:332078-336649(-)	g485.t1	21.076	223	170	2	1207	1875	295	511	7.04e-09	60.1
UTP1m:332078-336649(-)	g485.t1	25.877	228	162	5	1210	1887	715	937	3.59e-07	54.7
UTP1m:332078-336649(-)	g485.t1	22.424	165	116	4	1390	1875	272	427	1.65e-04	45.8
UTP1m:332078-336649(-)	g485.t1	21.910	178	136	3	1210	1737	800	976	1.65e-04	45.8
UTP1m:332078-336649(-)	g485.t1	22.449	196	139	4	1141	1710	400	588	0.002	42.4
UTP1m:332078-336649(-)	g1742.t1	27.193	342	155	16	1207	2058	1024	1329	1.50e-08	59.3
UTP1m:332078-336649(-)	g1742.t1	23.875	289	154	9	1390	2073	889	1172	5.46e-04	44.3
UTP1m:332078-336649(-)	g17012.t1	27.670	206	133	4	1156	1740	1306	1506	1.87e-08	58.9
UTP1m:332078-336649(-)	g17012.t1	26.601	203	116	4	1213	1734	1639	1837	6.34e-05	47.4
UTP1m:332078-336649(-)	g3204.t1	24.823	141	105	1	1138	1560	159	298	2.94e-08	56.6
UTP1m:332078-336649(-)	g3204.t1	24.830	294	179	10	1234	2067	49	316	2.28e-07	53.9
UTP1m:332078-336649(-)	g3204.t1	23.904	251	150	8	1390	2091	13	239	6.00e-06	49.7
UTP1m:332078-336649(-)	g9771.t1	33.594	128	79	3	1528	1911	2166	2287	4.00e-08	57.8
UTP1m:332078-336649(-)	g9771.t1	27.174	184	130	4	1144	1692	2166	2346	4.05e-07	54.7
UTP1m:332078-336649(-)	g14537.t1	26.728	217	144	6	1228	1872	1024	1227	4.70e-08	57.4
UTP1m:332078-336649(-)	g14537.t1	24.272	309	163	9	1261	2091	1154	1423	2.71e-05	48.5
UTP1m:332078-336649(-)	g14537.t1	31.356	118	71	4	160	501	1116	1227	9.80e-05	46.6
UTP1m:332078-336649(-)	g14537.t1	24.219	256	132	8	1147	1734	1388	1641	0.002	42.4
UTP1m:332078-336649(-)	g14537.t1	28.455	123	80	3	1105	1467	1150	1266	0.007	40.4
UTP1m:332078-336649(-)	g1688.t1	24.413	213	151	5	1096	1734	52	254	5.06e-08	55.5
UTP1m:332078-336649(-)	g11654.t1	28.511	235	135	9	1213	1872	102	318	1.10e-07	55.1
UTP1m:332078-336649(-)	g11654.t1	27.397	146	82	3	1636	2073	31	152	5.54e-06	49.7
UTP1m:332078-336649(-)	g11654.t1	23.121	173	105	5	1390	1875	35	190	2.44e-05	47.8
UTP1m:332078-336649(-)	g11654.t1	27.232	224	141	9	1234	1887	27	234	0.001	42.7
UTP1m:332078-336649(-)	g2172.t1	25.526	333	173	8	1126	1911	652	980	1.28e-07	56.2
UTP1m:332078-336649(-)	g2172.t1	25.738	237	165	6	1225	1911	842	1075	1.16e-06	53.1
UTP1m:332078-336649(-)	g2172.t1	34.951	103	64	2	1438	1743	1560	1660	7.54e-06	50.4
UTP1m:332078-336649(-)	g2172.t1	25.269	186	111	6	1258	1740	611	793	0.001	43.5
UTP1m:332078-336649(-)	g14257.t1	28.758	153	96	4	1219	1653	88	235	1.52e-07	55.1
UTP1m:332078-336649(-)	g14257.t1	27.059	170	114	6	1390	1875	54	221	4.81e-06	50.1
UTP1m:332078-336649(-)	g14257.t1	25.620	121	82	4	160	510	58	174	0.002	42.0
UTP1m:332078-336649(-)	g13972.t1	25.157	159	116	3	1258	1734	343	498	2.35e-07	54.7
UTP1m:332078-336649(-)	g13972.t1	29.365	126	85	4	1369	1740	293	416	1.45e-06	52.0
UTP1m:332078-336649(-)	g13972.t1	31.373	102	65	4	1141	1440	347	445	0.002	41.6
UTP1m:332078-336649(-)	g15783.t1	29.778	225	125	10	988	1578	422	641	3.81e-07	54.7
UTP1m:332078-336649(-)	g2092.t1	26.404	178	112	5	1366	1878	91	256	6.63e-07	53.5
UTP1m:332078-336649(-)	g2092.t1	23.394	218	159	6	1093	1734	171	384	5.61e-04	43.9
UTP1m:332078-336649(-)	g12011.t1	37.349	83	50	2	1237	1479	1154	1236	8.06e-07	53.5
UTP1m:332078-336649(-)	g12011.t1	40.299	67	39	1	1540	1737	1170	1236	0.005	41.2
UTP1m:332078-336649(-)	g12011.t3	37.349	83	50	2	1237	1479	1249	1331	9.35e-07	53.1
UTP1m:332078-336649(-)	g12011.t3	40.299	67	39	1	1540	1737	1265	1331	0.005	41.2
UTP1m:332078-336649(-)	g12011.t2	37.349	83	50	2	1237	1479	1248	1330	9.43e-07	53.1
UTP1m:332078-336649(-)	g12011.t2	40.299	67	39	1	1540	1737	1264	1330	0.005	41.2
UTP1m:332078-336649(-)	g5108.t1	27.234	235	136	8	1117	1734	453	681	9.83e-07	52.8
UTP1m:332078-336649(-)	g5108.t1	28.161	174	82	5	1630	2064	412	571	1.72e-04	45.4
UTP1m:332078-336649(-)	g10091.t1	28.409	176	111	7	1375	1875	209	378	1.28e-06	52.4
UTP1m:332078-336649(-)	g10091.t1	25.316	158	108	3	1291	1737	222	378	1.73e-05	48.5
UTP1m:332078-336649(-)	g10091.t1	25.214	234	152	8	1240	1896	253	478	5.29e-05	47.0
UTP1m:332078-336649(-)	g310.t1	25.346	217	140	8	1135	1740	8	217	1.53e-06	51.6
UTP1m:332078-336649(-)	g12552.t1	26.131	199	142	5	1147	1740	423	617	1.66e-06	52.0
UTP1m:332078-336649(-)	g12552.t1	27.670	206	139	5	1264	1875	419	616	1.06e-05	49.3
UTP1m:332078-336649(-)	g5848.t1	24.854	342	179	10	1183	2073	1738	2046	1.78e-06	52.4
UTP1m:332078-336649(-)	g5848.t1	23.077	351	217	8	1144	2163	1866	2174	2.49e-06	52.0
UTP1m:332078-336649(-)	g3645.t1	30.043	233	108	12	1258	1929	12	198	1.80e-06	52.0
UTP1m:332078-336649(-)	g3645.t1	31.319	182	108	7	1219	1734	92	266	2.78e-06	51.6
UTP1m:332078-336649(-)	g8541.t1	27.347	245	124	11	1249	1863	122	352	2.64e-06	51.6
UTP1m:332078-336649(-)	g4153.t1	26.667	195	134	6	1309	1875	279	470	4.26e-06	50.4
UTP1m:332078-336649(-)	g9324.t1	29.655	145	94	5	1207	1641	646	782	4.82e-06	50.8
UTP1m:332078-336649(-)	g9324.t1	29.703	101	63	3	1585	1887	644	736	0.010	40.0
UTP1m:332078-336649(-)	g15215.t1	26.923	156	96	5	1141	1587	27	171	7.32e-06	49.3
UTP1m:332078-336649(-)	g15215.t1	27.419	124	71	4	1597	1914	94	216	5.09e-05	46.6
UTP1m:332078-336649(-)	g460.t1	31.481	108	67	5	1552	1875	327	427	1.43e-05	48.9
UTP1m:332078-336649(-)	g460.t1	30.952	84	56	2	1231	1482	305	386	0.002	42.0
UTP1m:332078-336649(-)	g460.t1	24.603	126	86	3	238	615	305	421	0.010	39.7
UTP1m:332078-336649(-)	g6119.t1	30.894	123	71	4	1390	1734	281	397	1.90e-05	48.5
UTP1m:332078-336649(-)	g16900.t1	32.787	122	71	3	1390	1740	555	670	2.05e-05	48.9
UTP1m:332078-336649(-)	g16900.t1	24.503	151	107	4	1168	1611	565	711	0.001	42.7
UTP1m:332078-336649(-)	g17463.t1	25.568	176	128	3	1213	1737	722	895	3.70e-05	48.1
UTP1m:332078-336649(-)	g17463.t1	23.370	368	225	13	1057	2088	754	1088	3.92e-05	48.1
UTP1m:332078-336649(-)	g7928.t1	22.845	232	158	8	1081	1740	60	282	6.63e-05	46.2
UTP1m:332078-336649(-)	g7928.t1	24.865	185	130	5	1372	1911	71	251	4.61e-04	43.5
UTP1m:332078-336649(-)	g7928.t1	27.517	149	96	5	1438	1875	8	147	0.006	40.0
UTP1m:332078-336649(-)	g1594.t1	25.000	144	104	2	1255	1683	235	375	8.20e-05	46.6
UTP1m:332078-336649(-)	g1594.t1	35.294	68	43	1	1537	1740	244	310	0.001	43.1
UTP1m:332078-336649(-)	g1594.t1	29.487	156	100	7	1147	1602	242	391	0.004	41.2
UTP1m:332078-336649(-)	g10469.t1	32.927	164	83	6	1276	1734	1486	1633	1.10e-04	46.6
UTP1m:332078-336649(-)	g13727.t1	31.532	111	67	4	1162	1476	218	325	1.96e-04	45.8
UTP1m:332078-336649(-)	g13727.t1	24.852	169	85	3	1231	1734	198	325	0.005	41.2
UTP1m:332078-336649(-)	g6725.t1	24.348	230	141	7	1258	1875	512	732	2.37e-04	45.1
UTP1m:332078-336649(-)	g2272.t1	23.864	176	99	5	1540	2061	24	166	2.55e-04	45.1
UTP1m:332078-336649(-)	g13725.t1	31.532	111	67	4	1162	1476	175	282	3.08e-04	45.1
UTP1m:332078-336649(-)	g13725.t1	24.852	169	85	3	1231	1734	155	282	0.006	40.8
UTP1m:332078-336649(-)	g5320.t1	28.966	145	87	3	1594	2028	1083	1211	4.03e-04	44.7
UTP1m:332078-336649(-)	g5320.t1	28.099	121	80	1	1261	1602	1100	1220	0.007	40.4
UTP1m:332078-336649(-)	g5167.t1	27.119	118	75	5	1195	1527	275	388	4.87e-04	43.9
UTP1m:332078-336649(-)	g16754.t1	34.940	83	53	1	1237	1482	2959	3041	6.72e-04	43.9
UTP1m:332078-336649(-)	g16015.t1	28.155	103	69	2	31	324	69	171	7.02e-04	43.1
UTP1m:332078-336649(-)	g2121.t1	29.907	107	74	1	1213	1533	59	164	7.51e-04	43.5
UTP1m:332078-336649(-)	g7320.t1	24.500	200	134	9	1156	1740	125	312	8.23e-04	43.1
UTP1m:332078-336649(-)	g6118.t1	45.652	46	25	0	1597	1734	39	84	0.001	43.1
UTP1m:332078-336649(-)	g2695.t1	29.508	122	75	5	196	543	129	245	0.001	42.4
UTP1m:332078-336649(-)	g10449.t1	24.370	119	87	2	1384	1740	259	374	0.001	42.7
UTP1m:332078-336649(-)	g14038.t1	36.364	66	41	1	1546	1743	361	425	0.001	42.4
UTP1m:332078-336649(-)	g15143.t1	40.323	62	36	1	1300	1482	251	312	0.001	42.4
UTP1m:332078-336649(-)	g8985.t1	22.981	161	118	3	1264	1743	61	216	0.002	42.4
UTP1m:332078-336649(-)	g9018.t1	25.389	193	119	7	1378	1923	33	211	0.002	42.4
UTP1m:332078-336649(-)	g9018.t1	25.701	214	122	7	1291	1875	88	283	0.003	41.6
UTP1m:332078-336649(-)	g1224.t1	21.224	245	153	8	1351	2067	327	537	0.003	42.0
UTP1m:332078-336649(-)	g12510.t1	26.190	168	117	5	1381	1875	101	264	0.003	40.8
UTP1m:332078-336649(-)	g16358.t1	20.800	250	161	7	1381	2091	20	245	0.007	40.0
UTP1m:332078-336649(-)	g16138.t1	22.780	259	149	9	1363	2067	613	844	0.009	40.4
